sample_name,barcode,accession,species,country,locality,latitude,longitude,plate,plate_idx,BioSample,Runs,Orienotinus,Notes,Photo_link,global
C1_undulatum,?,C1_undulatum,undulatum,Colombia,Wendy,,,11,1,,,1,,,0
C2_subsessile,?,C2_subsessile,subsessile,Colombia,Wendy,,,11,2,,,1,,,0
C3_subsessile,?,C3_subsessile,subsessile,Colombia,Wendy,,,11,3,,,1,,,0
C4_undulatum,?,C4_undulatum,undulatum,Colombia,Wendy,,,11,4,,,1,,,0
C5_subsessile,?,C5_subsessile,subsessile,Colombia,Wendy,,,11,5,,,1,,,0
PWS3883_ayavacense,?,PWS_3883,ayavacense,Bolivia,,,,11,6,,,1,,,0
PWS3884_ayavacense,?,PWS_3884,ayavacense,Bolivia,,,,11,7,,,1,,,0
PWS3885_ayavacense,?,PWS_3885,ayavacense,Bolivia,,,,11,8,,,1,,,0
PWS3886_ayavacense,?,PWS_3886,ayavacense,Bolivia,,,,11,9,,,1,,,0
PWS3887_ayavacense,?,PWS_3887,ayavacense,Bolivia,,,,11,10,,,1,,,0
PWS3888_ayavacense,?,PWS_3888,ayavacense,Bolivia,,,,11,11,,,1,,,0
PWS3889_ayavacense,?,PWS_3889,ayavacense,Bolivia,,,,11,12,,,1,,,0
PWS3890_ayavacense,?,PWS_3890,ayavacense,Bolivia,,,,11,13,,,1,,,0
PWS3891_ayavacense,?,PWS_3891,ayavacense,Bolivia,,,,11,14,,,1,,,0
PWS3892_ayavacense,?,PWS_3892,ayavacense,Bolivia,,,,11,15,,,1,,,0
PWS3893_ayavacense,?,PWS_3893,ayavacense,Bolivia,,,,11,16,,,1,,,0
PWS3894_seemenii,?,PWS_3894,seemenii,Bolivia,,,,11,17,,,1,,,0
PWS3895_seemenii,?,PWS_3895,seemenii,Bolivia,,,,11,18,,,1,,,0
PWS3896_seemenii,?,PWS_3896,seemenii,Bolivia,,,,11,19,,,1,,,0
PWS3897_seemenii,?,PWS_3897,seemenii,Bolivia,,,,11,20,,,1,,,0
PWS3898,?,PWS_3898,?,Bolivia,,,,11,21,,,1,,,0
PWS3899,?,PWS_3899,?,Bolivia,,,,11,22,,,1,,,0
PWS3900,?,PWS_3900,?,Bolivia,,,,11,23,,,1,,,0
PWS3901,?,PWS_3901,?,Bolivia,,,,11,24,,,1,,,0
PWS3902,?,PWS_3902,?,Bolivia,,,,11,25,,,1,,,0
PWS3903,?,PWS_3903,?,Bolivia,,,,11,26,,,1,,,0
PWS3904_ayavacense,?,PWS_3904,ayavacense,Bolivia,,,,11,27,,,1,,,0
PWS3905_ayavacense,?,PWS_3905,ayavacense,Bolivia,,,,11,28,,,1,,,0
PWS3906_ayavacense,?,PWS_3906,ayavacense,Bolivia,,,,11,29,,,1,,,0
PWS3907_ayavacense,?,PWS_3907,ayavacense,Bolivia,,,,11,30,,,1,,,0
PWS3908_ayavacense,?,PWS_3908,ayavacense,Bolivia,,,,11,31,,,1,,,0
PWS3909_seemenii,?,PWS_3909,seemenii,Bolivia,,,,11,32,,,1,,,0
PWS3911_seemenii,?,PWS_3911,seemenii,Bolivia,,,,11,33,,,1,,,0
PWS3912_seemenii,?,PWS_3912,seemenii,Bolivia,,,,11,34,,,1,,,0
PWS3913_seemenii,?,PWS_3913,?,Bolivia,,,,11,35,,,1,,,0
PWSXXXX_seemenii,?,PWS_3910,seemenii,Bolivia,,,,11,36,,,1,,,0
PWS_3916,TCCGGAGCGC,PWS_3916,villosum,Jamaica,St_Ann,18.2373,-77.11024,10,1,,,1,,,0
PWS_3934,CTAACACGGC,PWS_3934,alpinum,Jamaica,St_Thomas,18.0513,-76.59531,10,2,,,1,,,0
MKM_5,AGCTTCGATT,MKM_5,lautum,Mexico,Chiapas-Teopisca,,,10,3,,,1,,,0
MKM_17,TCGCCGCAAT,MKM_17,jucundum,Mexico,Chiapas-Huitepec,,,10,4,,,1,,,0
EJE_618,TCAGTTCCGG,EJE_618,?,Mexico,?,,,10,5,,,1,,,0
PWS_3883,CGGAAGTGAG,PWS_3883,ayavacense,Bolivia,Nor_Yungas,-16.261,-67.78667,10,6,,,1,,,0
TOT_#10,GTTGCTAGAC,TOT_#10,?,Mexico,Oaxaca-Totontepec,,,10,7,,,1,,,0
EJE_609,AATAGATTCA,EJE_609,fuscum,Mexico,Oaxaca-Mirador,,,10,8,,,1,,,0
PWS_3917,AGCTGATACA,PWS_3917,villosum,Jamaica,St_Ann,18.2365,-77.12402,10,9,,,1,,,0
PWS_3935,ATCAGTAGAA,PWS_3935,villosum,Jamaica,St_Andrew,18.0654,-76.65446,10,10,,,1,,,0
MKM_22,TCGTCTTAGT,MKM_22,lautum,Mexico,Chiapas-Moxviqil,,,10,11,,,1,,,0
MKM_18,GCTCAGCCAG,MKM_18,jucundum,Mexico,Chiapas-Huitepec,,,10,12,,,1,,,0
EJE_619,CGGCTACTTC,EJE_619,?,Mexico,?,,,10,13,,,1,,,0
PWS3897,CAAGCCGGTT,PWS3897,seemenii_f_minus,Bolivia,Santa_Cruz,-18.17221,-63.8415,10,14,,,1,,,0
TOT_#11,TTGCGCAAGC,TOT_#11,?,Mexico,Oaxaca-Totontepec,,,10,15,,,1,,,0
TOT_#6,TACGATGGAG,TOT_#6,?,Mexico,Oaxaca-Totontepec,,,10,16,,,1,,,0
PWS_3918,GCAATATACA,PWS_3918,villosum,Jamaica,St_Ann,18.2073,-77.11038,10,17,,,1,,,0
PWS_3936,AAGAATTCGG,PWS_3936,villosum,Jamaica,St_Andrew,18.0654,-76.65446,10,18,,,1,,,0
MKM_23,TCGGCAGTCG,MKM_23,lautum,Mexico,Chiapas-Moxviqil,,,10,19,,,1,,,0
MKM_19,AGTTCCATTG,MKM_19,jucundum,Mexico,Chiapas-Huitepec,,,10,20,,,1,,,0
EJE_620,TTCTTGCGCT,EJE_620,?,Mexico,?,,,10,21,,,1,,,0
PWS3903,AGCAATCTAA,PWS3903,ayavacense,Bolivia,Santa_Cruz,-17.82589,-64.64653,10,22,,,1,,,0
TOT_#12,GAATTGTCGC,TOT_#12,?,Mexico,Oaxaca-Totontepec,,,10,23,,,1,,,0
EJE642,CTTCGACATA,EJE_642,?,Mexico,?,,,10,24,,,1,,,0
PWS_3919,GAGATATGGT,PWS_3919,alpinum,Jamaica,Clarendon,18.1981,-77.2592,10,25,,,1,,,0
PWS_3937,CTCCTTGGAG,PWS_3937,villosum,Jamaica,St_Andrew,18.0654,-76.65446,10,26,,,1,,,0
MKM_24,GTGTCTCTTG,MKM_24,lautum,Mexico,Chiapas-Moxviqil,,,10,27,,,1,,,0
MKM_20,TGCAGTTATC,MKM_20,jucundum,Mexico,Chiapas-Huitepec,,,10,28,,,1,,,0
EJE_621,TTCTGGAATA,EJE_621,?,Mexico,?,,,10,29,,,1,,,0
CO1,ACGCAACACA,CO1,?,Mexico,?,,,10,30,,,1,,,0
TOT_#13,ACTGCCTCAA,TOT_#13,?,Mexico,?,,,10,31,,,1,,,0
PWS2175,ACATCAATAT,PWS_2175,lasiophyllum,Colombia,Granada,4.53727,-74.30421,10,32,,,1,,,0
PWS_3920,CCTCTTATCA,PWS_3920,arboretum,Jamaica,Trelawny,18.3116,-77.5568,10,33,,,1,,,0
BMP1,TATCGTTAGT,BMP1,?,?,?,,,10,34,,,1,,,0
MKM_25,TAGTGCGGTC,MKM_25,lautum,Mexico,Chiapas-Moxviqil,,,10,35,,,1,,,0
EJE_631,GGCCGGTAAC,EJE_631,?,Mexico,?,,,10,36,,,1,,,0
MKM_9,AGGAACCTCG,MKM_9,lautum,Mexico,Chiapas-Teopisca,,,10,37,,,1,,,0
CO2,TTATCCGTAG,CO2,?,Mexico,Oaxaca-Totontepec,,,10,38,,,1,,,0
TOT_#14,CGCTATACGG,TOT_#14,?,Mexico,Oaxaca-Totontepec,,,10,39,,,1,,,0
HUAT_6,CACGCAACGA,HUAT_6,?,Mexico,?,,,10,40,,,1,,,0
PWS_3924,TGTCCTAGGA,PWS_3924,alpinum,Jamaica,Clarendon,18.1971,-77.39187,10,41,,,1,,,0
Holly4,ATCCGTCTAC,Holly4,?,?,?,,,10,42,,,1,,,0
MKM_26,GGACTCACGG,MKM_26,lautum,Mexico,Chiapas-Moxviqil,,,10,43,,,1,,,0
EJE_634,GCGTCCTGCC,EJE_634,?,?,?,,,10,44,,,1,,,0
EJE_623,ACTTGACCGG,EJE_623,?,?,?,,,10,45,,,1,,,0
CO3,AATGGTGACT,CO3,?,?,?,,,10,46,,,1,,,0
EJE_602,CTAACAGTAT,EJE_602,shiny,Mexico,Oaxaca-Totontepec,,,10,47,,,1,,,0
PWS_3923,TCATAGGCTA,PWS_3923,arboretum,Jamaica,Trelawny,18.311,-77.55629,10,48,,,1,,,0
PWS_3927,GCTGCACGGT,PWS_3927,villosum,Jamaica,St_Andrew,18.1973,-77.39504,10,49,,,1,,,0
Holly5,GCCGCAATGC,Holly5,?,?,?,,,10,50,,,1,,,0
MKM_11,CGCTTCTCTG,MKM_11,jucundum,Mexico,Chiapas-Yaletenay,,,10,51,,,1,,,0
EJE_636,CTCATTAACC,EJE_636,?,?,?,,,10,52,,,1,,,0
EJE_624,TTGATGGTGC,EJE_624,?,?,?,,,10,53,,,1,,,0
CO4,CAACATGAAG,CO4,?,?,?,,,10,54,,,1,,,0
EJE_603,ATGAAGGCAG,EJE_603,shiny,Mexico,Oaxaca-Totontepec,,,10,55,,,1,,,0
MKM_32,GATGGACTAA,MKM_32,jucundum_x_lautum,Mexico,Chiapas-Huitepec,,,10,56,,,1,,,0
PWS_3928,GCATGGAGGT,PWS_3928,villosum,Jamaica,St_Andrew,18.0665,-76.70756,10,57,,,1,,,0
HUAT_4,GTATATCCAC,HUAT_4,?,?,?,,,10,58,,,1,,,0
MKM_12,CGTACCTTGC,MKM_12,jucundum,Mexico,Chiapas-Huitepec,,,10,59,,,1,,,0
EJE_638,TATCGCGGAG,EJE_638,?,?,?,,,10,60,,,1,,,0
EJE_625,CATGCATACT,EJE_625,?,?,?,,,10,61,,,1,,,0
CO5,TCACTGAGAA,CO5,?,?,?,,,10,62,,,1,,,0
EJE_604,ATCCATAAGA,EJE_604,shiny,Mexico,Oaxaca-Totontepec,,,10,63,,,1,,,0
PWS_3930,CTGTTAGATT,PWS_3930,villosum,Jamaica,St_Andrew,18.0834,-76.72531,10,64,,,1,,,0
PWS_3929,TAACTGGTAC,PWS_3929,villosum,Jamaica,St_Andrew,18.1973,-77.39504,10,65,,,1,,,0
MKM_1,GCCGGTGATT,MKM_1,lautum,Mexico,Chiapas-Teopisca,,,10,66,,,1,,,0
MKM_13,AGACGAATAG,MKM_13,jucundum,Mexico,Chiapas-Huitepec,,,10,67,,,1,,,0
EJE_612,GGTCATTGTA,EJE_612,?,?,?,,,10,68,,,1,,,0
EJE_626,CGGTCGTTAC,EJE_626,?,?,?,,,10,69,,,1,,,0
TOT_#3,GACGGACAGG,TOT_#3,?,?,?,,,10,70,,,1,,,0
EJE_605,ATTGCCACCG,EJE_605,shiny,Mexico,Oaxaca-Totontepec,,,10,71,,,1,,,0
MKM_33,CAGAACCAGC,MKM_33,jucundum_x_lautum,Mexico,Chiapas-Huitepec,,,10,72,,,1,,,0
PWS_3931,GCTGTGCAGA,PWS_3931,villosum,Jamaica,St_Thomas,18.047,-76.57888,10,73,,,1,,,0
MKM_2,AAGACCAATC,MKM_2,lautum,Mexico,Chiapas-Teopisca,,,10,74,,,1,,,0
MKM_14,CGCGCGGCTG,MKM_14,jucundum,Mexico,Chiapas-Huitepec,,,10,75,,,1,,,0
EJE_614,GCATGAGGCG,EJE_614,?,?,?,,,10,76,,,1,,,0
EJE_628,TGACGGTGAT,EJE_628,?,?,?,,,10,77,,,1,,,0
TOT_#5,CTTACCGGAG,TOT_#5,?,?,?,,,10,78,,,1,,,0
EJE_606,ACACACATCA,EJE_606,stenocalyx,Mexico,Oaxaca-Mirador,,,10,79,,,1,,,0
MKM_34,TGTTGTCCGC,MKM_34,jucundum_x_lautum,Mexico,Chiapas-Huitepec,,,10,80,,,1,,,0
PWS_3932,ATCCGCGACG,PWS_3932,villosum,Jamaica,St_Andrew,18.047,-76.57888,10,81,,,1,,,0
MKM_3,AAGTCGAGTA,MKM_3,lautum,Mexico,Chiapas-Teopisca,,,10,82,,,1,,,0
MKM_15,CCAATCAAGA,MKM_15,jucundum,Mexico,Chiapas-Huitepec,,,10,83,,,1,,,0
EJE_615,TGAGCCAGCT,EJE_615,?,?,?,,,10,84,,,1,,,0
EJE_629,TCTAGAGAAG,EJE_629,?,?,?,,,10,85,,,1,,,0
TOT_#7,GCCGAGGTGA,TOT_#7,?,?,?,,,10,86,,,1,,,0
EJE_607,GGTGAGTCGG,EJE_607,stenocalyx,Mexico,Oaxaca-Mirador,,,10,87,,,1,,,0
MKM_35,CTTATTCTAC,MKM_35,jucundum_x_lautum,Mexico,Chiapas-Huitepec,,,10,88,,,1,,,0
PWS_3933,CAAGAGACGT,PWS_3933,alpinum,Jamaica,St_Thomas,18.0513,-76.59531,10,89,,,1,,,0
MKM_4,GCACGTCTCC,MKM_4,lautum,Mexico,Chiapas-Teopisca,,,10,90,,,1,,,0
MKM_16,GTGCTCTCTA,MKM_16,jucundum,Mexico,Chiapas-Huitepec,,,10,91,,,1,,,0
EJE_617,GCGTCAGATG,EJE_617,?,?,?,,,10,92,,,1,,,0
EJE_630,AATGAATCAG,EJE_630,?,?,?,,,10,93,,,1,,,0
TOT_#9,ATTAGGAGGC,TOT_#9,?,?,?,,,10,94,,,1,,,0
EJE_608,TTCTTCAGAC,EJE_608,fuscum,Mexico,Oaxaca-Mirador,,,10,95,,,1,,,0
FGXCONTROL,CGCACTTGAT,FGXCONTROL,N/A,N/A,N/A,N/A,N/A,10,96,,,0,,,0
obtusatum_PWS_3100,TCCGGAGCGC,PWS_3100,obtusatum,Mexico,Chiapas-Tzontehuiz,16.8099,-92.582221,9,1,,,1,,,0
blandum_PWS_3088,CTAACACGGC,PWS_3088,blandum,Mexico,Chiapas-Tzontehuiz,16.8191,-92.580442,9,2,,,1,,,0
hartwegii_PWS_3108,AGCTTCGATT,PWS_3108,hartwegii,Mexico,Chiapas-Pueblo_nuevo,17.1532,-92.889433,9,3,,,1,,,0
jucundum_PWS_3107,TCGCCGCAAT,PWS_3107,jucundum,Mexico,Chiapas-Pueblo_nuevo,17.1532,-92.889433,9,4,,,1,,,0
lautum_PWS_3105,TCAGTTCCGG,PWS_3105,lautum,Mexico,Chiapas-Teopisca,16.5178,-92.474676,9,5,,,1,,,0
lautum_PWS_3106,CGGAAGTGAG,PWS_3106,lautum,Mexico,Chiapas-Teopisca,16.5109,-92.477905,9,6,,,1,,,0
fuscum_PWS_3054,GTTGCTAGAC,PWS_3054,fuscum,Mexico,Oaxaca-Cerro_pelon,17.5891,-96.494185,9,7,,,1,,,0
fuscum_PWS_3058,AATAGATTCA,PWS_3058,fuscum,Mexico,Oaxaca-Cerro_pelon,17.5891,-96.494185,9,8,,,1,,,0
acutifolium_PWS_3050,AGCTGATACA,PWS_3050,acutifolium,Mexico,Oaxaca-Mirador,17.5854,-96.517424,9,9,,,1,,,0
acutifolium_PWS_3059,ATCAGTAGAA,PWS_3059,acutifolium,Mexico,Oaxaca-Ixtlan,17.5634,-96.514372,9,10,,,1,,,0
subsessile_PWS_2169,TCGTCTTAGT,PWS_2169,subsessile,Colombia,Antioquia,6.27569,-75.50035,9,11,,,1,,,0
undulatum_PWS_2164,GCTCAGCCAG,PWS_2164,anabaptista,Colombia,Antioquia,6.00148,-75.39025,9,12,,,1,,,0
tinoides_PWS_2151,CGGCTACTTC,PWS_2151,tinoides,Colombia,Cundinamarca,5.03155,-74.5527,9,13,,,1,,,0
triphyllum_n_WC_288b,CAAGCCGGTT,WC_288b,triphyllum,Colombia,Boyaca,5.74072,-73.4193,9,14,,,1,,,0
triphyllum_w_WC_298,TTGCGCAAGC,WC_298,triphyllum,Colombia,Boyaca,5.72971,-73.51161,9,15,,,1,,,0
triphyllum_n_WC_299,TACGATGGAG,WC_299,triphyllum,Colombia,Boyaca,5.72971,-73.51161,9,16,,,1,,,0
lasiophyllum_PWS_2174,GCAATATACA,PWS_2174,lasiophyllum,Colombia,Cundinamarca,4.53727,-74.30421,9,17,,,1,,,0
undulatum_PWS_2165,AAGAATTCGG,PWS_2165,anabaptista,Colombia,Antioquia,5.9296,-75.30605,9,18,,,1,,,0
tinoides_glab_PWS_2177,TCGGCAGTCG,PWS_2177,tinoides,Colombia,Cundinamarca,4.6538,-74.36136,9,19,,,1,,,0
glabratum_PWS_2158,AGTTCCATTG,PWS_2158,tinoides,Colombia,Caldas,5.28431,-75.48657,9,20,,,1,,,0
glabratum_PWS_2157,TTCTTGCGCT,PWS_2157,tinoides,Colombia,Caldas,5.09254,-75.51486,9,21,,,1,,,0
triph_hall_PWS_2178,AGCAATCTAA,PWS_2178,tinoides,Colombia,Cundinamarca,4.58843,-74.04916,9,22,,,1,,,0
glabratum_PWS_2152,GAATTGTCGC,PWS_2152,tinoides,Colombia,Cundinamarca,5.07182,-74.5568,9,23,,,1,,,0
lasiophyllum_PWS_2175,CTTCGACATA,PWS_2175,lasiophyllum,Colombia,Cundinamarca,4.53727,-74.30421,9,24,,,1,,,0
anabaptista_PWS_2160,GAGATATGGT,PWS_2160,anabaptista,Colombia,Antioquia,5.98562,-75.60581,9,25,,,1,,,0
pichinchese_PWS_2156,CTCCTTGGAG,PWS_2156,anabaptista,Colombia,Caldas,5.02116,-75.36749,9,26,,,1,,,0
glabratum_PWS_2155,GTGTCTCTTG,PWS_2155,tinoides,Colombia,Tolima,5.14268,-75.15737,9,27,,,1,,,0
hallii_PWS_2180,TGCAGTTATC,PWS_2180,hallii,Colombia,Cundinamarca,4.56304,-73.95703,9,28,,,1,,,0
anabaptista_PWS_2162,TTCTGGAATA,PWS_2162,anabaptista,Colombia,Antioquia,5.99654,-75.61134,9,29,,,1,,,0
jucundum_2_oaxaca_2017,ACGCAACACA,jucundum_2_oaxaca_2017,tiliafolium,Mexico,Oaxaca,?,?,9,30,,,1,,,0
tinoides_PWS_2151,ACTGCCTCAA,PWS_2151,tinoides,Colombia,Cundinamarca,5.03155,-74.5527,9,31,,,1,,,0
tinoides_monster_PWS_2168,ACATCAATAT,PWS_2168,tinoides,Colombia,Antioquia,5.77372,-75.29766,9,32,,,1,,,0
triphyllum_WC_285,CCTCTTATCA,WC_285,triphyllum,Colombia,Boyaca,5.72756,-73.38687,9,33,,,1,,,0
triphyllum_WC_286,TATCGTTAGT,WC_286,triphyllum,Colombia,Boyaca,5.72756,-73.38687,9,34,,,1,,,0
triphyllum_WC_287C,TAGTGCGGTC,WC_287C,triphyllum,Colombia,Boyaca,5.74411,-73.42302,9,35,,,1,,,0
triphyllum_WC_287D,GGCCGGTAAC,WC_287D,triphyllum,Colombia,Boyaca,5.74411,-73.42302,9,36,,,1,,,0
triphyllum_WC_287B,AGGAACCTCG,WC_287B,triphyllum,Colombia,Boyaca,5.74411,-73.42302,9,37,,,1,,,0
triphyllum_WC_288C,TTATCCGTAG,WC_288C,triphyllum,Colombia,Boyaca,5.74072,-73.4193,9,38,,,1,,,0
triphyllum_WC_288E,CGCTATACGG,WC_288E,triphyllum,Colombia,Boyaca,5.74072,-73.4193,9,39,,,1,,,0
triphyllum_WC_291,CACGCAACGA,WC_291,triphyllum,Colombia,Boyaca,5.74072,-73.4193,9,40,,,1,,,0
und_sub_PWS_2170A,TGTCCTAGGA,PWS_2170A,subsessile,Colombia,Antioquia,6.27569,-75.50035,9,41,,,1,,,0
und_sub_PWS_2170B,ATCCGTCTAC,PWS_2170B,tinoides,Colombia,Antioquia,6.27569,-75.50035,9,42,,,1,,,0
und_sub_PWS_2170C,GGACTCACGG,PWS_2170C,tinoides,Colombia,Antioquia,6.27569,-75.50035,9,43,,,1,,,0
und_sub_PWS_2170D,GCGTCCTGCC,PWS_2170D,tinoides,Colombia,Antioquia,6.27569,-75.50035,9,44,,,1,,,0
und_sub_PWS_2170E,ACTTGACCGG,PWS_2170E,tinoides,Colombia,Antioquia,6.27569,-75.50035,9,45,,,1,,,0
und_sub_PWS_2170F,AATGGTGACT,PWS_2170F,tinoides,Colombia,Antioquia,6.27569,-75.50035,9,46,,,1,,,0
und_sub_PWS_2170G,CTAACAGTAT,PWS_2170G,tinoides,Colombia,Antioquia,6.27569,-75.50035,9,47,,,1,,,0
und_sub_PWS_2171,TCATAGGCTA,PWS_2171,subsessile,Colombia,Antioquia,6.27569,-75.50035,9,48,,,1,,,0
PWS_2172,GCTGCACGGT,PWS_2172,subsessile,Colombia,Antioquia,6.27937,-75.49754,9,49,,,1,,,0
PWS_2173,GCCGCAATGC,PWS_2173,anabaptista,Colombia,Antioquia,6.23878,-75.50165,9,50,,,1,,,0
PWS_2176,CGCTTCTCTG,PWS_2176,tinoides,Colombia,Cundinamarca,4.578689,-74.31124,9,51,,,1,,,0
australe_carranza_2064,CTCATTAACC,Carranza_2064,australe,Mexico,Coahuila,29,-102.33,9,52,,,0,,,0
brevitubum_PWS_2560,TTGATGGTGC,PWS_2580,brevitubum,China,Hubei,31.49849,110.0867,9,53,,,0,,,0
burejaeticum_meyer_99,CAACATGAAG,Meyer_99,burejaeticum,China,,,,9,54,,,0,,,0
melanocarpum_PWS_2560,ATGAAGGCAG,PWS_2560,melanocarpum,China,Hubei,31.50505,110.44354,9,55,,,0,,,0
atrocyaneum_bufford_34956,GATGGACTAA,Boufford_34956,atrocyaneum,China,Xizang,,,9,56,,,0,,,0
rigidum_stearn_1776,GCATGGAGGT,Steam_1776,rigidum,USA,California,,,9,57,,,0,,,0
hebanthum_klockenberg_32,GTATATCCAC,Klockenberg_32,hebanthum,India,,,,9,58,,,0,,,0
discolor_veliz_35_99,CGTACCTTGC,Veliz_35_99,discolor,Guatemala,Totonicapan,14.91,-91.32,9,59,,,1,,,0
tetradoxa_MJD,TATCGCGGAG,MJD?,Tetradoxa,,,,,9,60,XXX,,0,,,1
glaberrimum_PWS_2326,CATGCATACT,PWS_2326,glaberrimum,Philippines,,8.18,124.77,9,61,,,0,,,0
lepidotulum_PWS_2098,TCACTGAGAA,PWS_2098,punctatum,Vietnam,Kon_Tum,15.18179,107.81426,9,62,,,0,previously labeled lepidotulum,,0
bonninsiense_ELS_964,ATCCATAAGA,ELS_964,bonninense,Japan,,,,9,63,,,0,,,0
japonicum_ELS_805,CTGTTAGATT,ELS_805,japonicum,Japan,,,,9,64,,,0,,,0
odoratissimum_ELS_809,TAACTGGTAC,ELS_809,odoratissimum,Japan,,,,9,65,,,0,,,0
erosum_ELS_852,GCCGGTGATT,ELS_852,erosum,Japan,,,,9,66,,,0,,,0
raffinesquianum_ELS_106,AGACGAATAG,ELS_106,raffinesquianum,,,,,9,67,,,0,,,0
triphyllum_PWS_2179,GGTCATTGTA,PWS_2179,triphyllum,Colombia,Cundinamarca,4.5883,-74.04906,9,68,,,1,,,0
triph_hall_PWS_WC_292,CGGTCGTTAC,WC_292,triphyllum,Colombia,Santander,7.10872,-72.99064,9,69,,,1,,,0
hallii_WC_293,GACGGACAGG,WC_293,hallii,Colombia,Santander,7.28935,-72.74464,9,70,,,1,,,0
jucundum_6_oaxaca_1_2017,ATTGCCACCG,jucundum_6_oaxaca_2017,jucundum,Mexico,Oaxaca,,,9,71,,,1,,,0
tinoides_WC_301,CAGAACCAGC,WC_301,tinoides,Colombia,Cundinamarca,4.9501,-74.28609,9,72,,,1,,,0
halli_WC_295,GCTGTGCAGA,WC_295,tinoides_venez,Colombia,Santander,7.37914,-72.90258,9,73,,,1,,,0
corymbiflorum_k35,AAGACCAATC,k35,corymbiflorum,China,,,,9,74,,,0,,,0
venustum_21064A,CGCGCGGCTG,21064A,venustum,Panama,,8.8,-82.5,9,75,,,1,,,0
adenophorum_k8,GCATGAGGCG,k8,adenophorum,China,,,,9,76,,,0,,,0
disjunctum_MJD66,TGACGGTGAT,MJD_66,disjunctum,Mexico,,15.15,-90.18,9,77,,,1,,,0
sinadoxa_fiero_011,CTTACCGGAG,fiero_011,Sinadoxa,,,,,9,78,XXX,,0,,,1
adoxa_MJD_120,ACACACATCA,MJD_120,Adoxa,,,,,9,79,XXX,,0,,,1
s_adnata_82,TGTTGTCCGC,Sambucus,adnata,,,,,9,80,,,0,,,0
s_africana,ATCCGCGACG,Sambucus,africana,,,,,9,81,,,0,,,0
s_australasica,AAGTCGAGTA,Sambucus,australiasica,,,,,9,82,,,0,,,0
s_callicarpa_47,CCAATCAAGA,Sambucus,callicarpa,,,,,9,83,XXX,,0,,,1
s_canadensis,TGAGCCAGCT,Sambucus,canadensis,,,,,9,84,,,0,,,0
s_carulea,TCTAGAGAAG,Sambucus,carulea,,,,,9,85,,,0,,,0
s_ebulus,GCCGAGGTGA,Sambucus,ebulus,,,,,9,86,,,0,,,0
s_gaudichaudiana,GGTGAGTCGG,Sambucus,gaudichaudiana,,,,,9,87,,,0,,,0
s_javanica,CTTATTCTAC,Sambucus,javanica,,,,,9,88,XXX,,0,,,1
s_melanocarpa,CAAGAGACGT,Sambucus,melanocarpa,,,,,9,89,,,0,,,0
s_nigra,GCACGTCTCC,Sambucus,nigra,,,,,9,90,XXX,,0,,,1
s_pubens,GTGCTCTCTA,Sambucus,pubens,,,,,9,91,,,0,,,0
s_racemosa,GCGTCAGATG,Sambucus,racemosa,,,,,9,92,XXX,,0,,,1
s_wightiana_41,AATGAATCAG,Sambucus,wightiana,,,,,9,93,,,0,,,0
s_sieboldiana,ATTAGGAGGC,Sambucus,sieboldiana,,,,,9,94,XXX,,0,,,1
s_williamsii,TTCTTCAGAC,Sambucus,williamsii,,,,,9,95,XXX,,0,,,1
FGXCONTROL,CGCACTTGAT,N/A,N/A,N/A,N/A,N/A,N/A,9,96,,,0,,,0
Yash-A-35_jucundum_x_lautum,TCCGGAGCGC,Yash-A-35,jucundum_x_lautum,Mexico,Chiapas-Yashtinin,,,8,1,,,1,,,0
Yash-A-37_jucundum_x_lautum,CTAACACGGC,Yash-A-37,jucundum_x_lautum,Mexico,Chiapas-Yashtinin,,,8,2,,,1,,,0
Yash-A-38_jucundum_x_lautum,AGCTTCGATT,Yash-A-38,jucundum_x_lautum,Mexico,Chiapas-Yashtinin,,,8,3,,,1,,,0
Yash-A-41_jucundum_x_lautum,TCGCCGCAAT,Yash-A-41,jucundum_x_lautum,Mexico,Chiapas-Yashtinin,,,8,4,,,1,,,0
Yash-B-1_jucundum_x_lautum,TCAGTTCCGG,Yash-B-1,jucundum_x_lautum,Mexico,Chiapas-Yashtinin,,,8,5,,,1,,,0
Yash-B-3_jucundum_x_lautum,CGGAAGTGAG,Yash-B-3,jucundum_x_lautum,Mexico,Chiapas-Yashtinin,,,8,6,,,1,,,0
Yash-B-4_jucundum_x_lautum,GTTGCTAGAC,Yash-B-4,jucundum_x_lautum,Mexico,Chiapas-Yashtinin,,,8,7,,,1,,,0
Yash-B-5_jucundum_x_lautum,AATAGATTCA,Yash-B-5,jucundum_x_lautum,Mexico,Chiapas-Yashtinin,,,8,8,,,1,,,0
Yash-B-7_jucundum_x_lautum,AGCTGATACA,Yash-B-7,jucundum_x_lautum,Mexico,Chiapas-Yashtinin,,,8,9,,,1,,,0
Yash-B-8_jucundum_x_lautum,ATCAGTAGAA,Yash-B-8,jucundum_x_lautum,Mexico,Chiapas-Yashtinin,,,8,10,,,1,,,0
Yash-B-9_jucundum_x_lautum,TCGTCTTAGT,Yash-B-9,jucundum_x_lautum,Mexico,Chiapas-Yashtinin,,,8,11,,,1,,,0
Yash-B-10_jucundum_x_lautum,GCTCAGCCAG,Yash-B-10,jucundum_x_lautum,Mexico,Chiapas-Yashtinin,,,8,12,,,1,,,0
Yash-B-11_jucundum_x_lautum,CGGCTACTTC,Yash-B-11,jucundum_x_lautum,Mexico,Chiapas-Yashtinin,,,8,13,,,1,,,0
Yash-B-13_jucundum_x_lautum,CAAGCCGGTT,Yash-B-13,jucundum_x_lautum,Mexico,Chiapas-Yashtinin,,,8,14,,,1,,,0
Yash-C-1_jucundum_x_lautum,TTGCGCAAGC,Yash-C-1,jucundum_x_lautum,Mexico,Chiapas-Yashtinin,,,8,15,,,1,,,0
Yash-C-3_jucundum_x_lautum,TACGATGGAG,Yash-C-3,jucundum_x_lautum,Mexico,Chiapas-Yashtinin,,,8,16,,,1,,,0
Yash-C-4_jucundum_x_lautum,GCAATATACA,Yash-C-4,jucundum_x_lautum,Mexico,Chiapas-Yashtinin,,,8,17,,,1,,,0
Yash-C-5_jucundum_x_lautum,AAGAATTCGG,Yash-C-5,jucundum_x_lautum,Mexico,Chiapas-Yashtinin,,,8,18,,,1,,,0
Yash-D-1_jucundum_x_lautum,TCGGCAGTCG,Yash-D-1,jucundum_x_lautum,Mexico,Chiapas-Yashtinin,,,8,19,,,1,,,0
Yash-D-2_jucundum_x_lautum,AGTTCCATTG,Yash-D-2,jucundum_x_lautum,Mexico,Chiapas-Yashtinin,,,8,20,,,1,,,0
Yash-D-3_jucundum_x_lautum,TTCTTGCGCT,Yash-D-3,jucundum_x_lautum,Mexico,Chiapas-Yashtinin,,,8,21,,,1,,,0
Yash-D-4_jucundum_x_lautum,AGCAATCTAA,Yash-D-4,jucundum_x_lautum,Mexico,Chiapas-Yashtinin,,,8,22,,,1,,,0
Yash-D-5_jucundum_x_lautum,GAATTGTCGC,Yash-D-5,jucundum_x_lautum,Mexico,Chiapas-Yashtinin,,,8,23,,,1,,,0
Yash-D-6_jucundum_x_lautum,CTTCGACATA,Yash-D-6,jucundum_x_lautum,Mexico,Chiapas-Yashtinin,,,8,24,,,1,,,0
Yash-D-8_jucundum_x_lautum,GAGATATGGT,Yash-D-8,jucundum_x_lautum,Mexico,Chiapas-Yashtinin,,,8,25,,,1,,,0
Yash-D-9_jucundum_x_lautum,CTCCTTGGAG,Yash-D-9,jucundum_x_lautum,Mexico,Chiapas-Yashtinin,,,8,26,,,1,,,0
Yash-D-10_jucundum_x_lautum,GTGTCTCTTG,Yash-D-10,jucundum_x_lautum,Mexico,Chiapas-Yashtinin,,,8,27,,,1,,,0
Yash-D-11_jucundum_x_lautum,TGCAGTTATC,Yash-D-11,jucundum_x_lautum,Mexico,Chiapas-Yashtinin,,,8,28,,,1,,,0
Yash-D-12_jucundum_x_lautum,TTCTGGAATA,Yash-D-12,jucundum_x_lautum,Mexico,Chiapas-Yashtinin,,,8,29,,,1,,,0
Yash-D-13_jucundum_x_lautum,ACGCAACACA,Yash-D-13,jucundum_x_lautum,Mexico,Chiapas-Yashtinin,,,8,30,,,1,,,0
Yash-D-14_jucundum_x_lautum,ACTGCCTCAA,Yash-D-14,jucundum_x_lautum,Mexico,Chiapas-Yashtinin,,,8,31,,,1,,,0
Yash-D-16_jucundum_x_lautum,ACATCAATAT,Yash-D-16,jucundum_x_lautum,Mexico,Chiapas-Yashtinin,,,8,32,,,1,,,0
Yash-D-18_jucundum_x_lautum,CCTCTTATCA,Yash-D-18,jucundum_x_lautum,Mexico,Chiapas-Yashtinin,,,8,33,,,1,,,0
Yash-D-19_jucundum_x_lautum,TATCGTTAGT,Yash-D-19,jucundum_x_lautum,Mexico,Chiapas-Yashtinin,,,8,34,,,1,,,0
Yash-D-20_jucundum_x_lautum,TAGTGCGGTC,Yash-D-20,jucundum_x_lautum,Mexico,Chiapas-Yashtinin,,,8,35,,,1,,,0
Yashtinin_hybrid_1_jucundum_x_lautum,GGCCGGTAAC,Yashtinin_hybrid_1,jucundum_x_lautum,Mexico,Chiapas-Yashtinin,,,8,36,,,1,,,0
Yashtinin_hybrid_3_jucundum_x_lautum,AGGAACCTCG,Yashtinin_hybrid_2,jucundum_x_lautum,Mexico,Chiapas-Yashtinin,,,8,37,,,1,,,0
Yashtinin_hybrid_4_jucundum_x_lautum,TTATCCGTAG,Yashtinin_hybrid_4,jucundum_x_lautum,Mexico,Chiapas-Yashtinin,,,8,38,,,1,,,0
Yashtinin_hybrid_5_jucundum_x_lautum,CGCTATACGG,Yashtinin_hybrid_5,jucundum_x_lautum,Mexico,Chiapas-Yashtinin,,,8,39,,,1,,,0
Yashtinin_hybrid_6_jucundum_x_lautum,CACGCAACGA,Yashtinin_hybrid_6,jucundum_x_lautum,Mexico,Chiapas-Yashtinin,,,8,40,,,1,,,0
Yashtinin_hybrid_7_jucundum_x_lautum,TGTCCTAGGA,Yashtinin_hybrid_7,jucundum_x_lautum,Mexico,Chiapas-Yashtinin,,,8,41,,,1,,,0
Yashtinin_hybrid_9_jucundum_x_lautum,ATCCGTCTAC,Yashtinin_hybrid_9,jucundum_x_lautum,Mexico,Chiapas-Yashtinin,,,8,42,,,1,,,0
Yashtinin_hybrid_11_jucundum_x_lautum,GGACTCACGG,Yashtinin_hybrid_11,jucundum_x_lautum,Mexico,Chiapas-Yashtinin,,,8,43,,,1,,,0
Z1_jucundum_x_lautum,GCGTCCTGCC,Z1,jucundum_x_lautum,Mexico,Chiapas-Yashtinin,,,8,44,,,1,,,0
Z3_jucundum_x_lautum,ACTTGACCGG,Z3,jucundum_x_lautum,Mexico,Chiapas-Zinacantan,,,8,45,,,1,,,0
Z4_jucundum_x_lautum,AATGGTGACT,Z4,jucundum_x_lautum,Mexico,Chiapas-Zinacantan,,,8,46,,,1,,,0
Z5_jucundum_x_lautum,CTAACAGTAT,Z5,jucundum_x_lautum,Mexico,Chiapas-Zinacantan,,,8,47,,,1,,,0
Z11_jucundum_x_lautum,TCATAGGCTA,Z11,jucundum_x_lautum,Mexico,Chiapas-Zinacantan,,,8,48,,,1,,,0
Z13_jucundum_x_lautum,GCTGCACGGT,Z13,jucundum_x_lautum,Mexico,Chiapas-Zinacantan,,,8,49,,,1,,,0
Z14_jucundum_x_lautum,GCCGCAATGC,Z14,jucundum_x_lautum,Mexico,Chiapas-Zinacantan,,,8,50,,,1,,,0
Z16_jucundum_x_lautum,CGCTTCTCTG,Z16,jucundum_x_lautum,Mexico,Chiapas-Zinacantan,,,8,51,,,1,,,0
Z17_jucundum_x_lautum,CTCATTAACC,Z17,jucundum_x_lautum,Mexico,Chiapas-Zinacantan,,,8,52,,,1,,,0
Z18_jucundum_x_lautum,TTGATGGTGC,Z18,jucundum_x_lautum,Mexico,Chiapas-Zinacantan,,,8,53,,,1,,,0
Z20_jucundum_x_lautum,CAACATGAAG,Z20,jucundum_x_lautum,Mexico,Chiapas-Zinacantan,,,8,54,,,1,,,0
Z21_jucundum_x_lautum,ATGAAGGCAG,Z21,jucundum_x_lautum,Mexico,Chiapas-Zinacantan,,,8,55,,,1,,,0
Z23_jucundum_x_lautum,GATGGACTAA,Z23,jucundum_x_lautum,Mexico,Chiapas-Zinacantan,,,8,56,,,1,,,0
Z24_jucundum_x_lautum,GCATGGAGGT,Z24,jucundum_x_lautum,Mexico,Chiapas-Zinacantan,,,8,57,,,1,,,0
Z26_jucundum_x_lautum,GTATATCCAC,Z26,jucundum_x_lautum,Mexico,Chiapas-Zinacantan,,,8,58,,,1,,,0
Z27_jucundum_x_lautum,CGTACCTTGC,Z27,jucundum_x_lautum,Mexico,Chiapas-Zinacantan,,,8,59,,,1,,,0
Z28_jucundum_x_lautum,TATCGCGGAG,Z28,jucundum_x_lautum,Mexico,Chiapas-Zinacantan,,,8,60,,,1,,,0
Z29_jucundum_x_lautum,CATGCATACT,Z29,jucundum_x_lautum,Mexico,Chiapas-Zinacantan,,,8,61,,,1,,,0
Z30_jucundum_x_lautum,TCACTGAGAA,Z30,jucundum_x_lautum,Mexico,Chiapas-Zinacantan,,,8,62,,,1,,,0
Z31_jucundum_x_lautum,ATCCATAAGA,Z31,jucundum_x_lautum,Mexico,Chiapas-Zinacantan,,,8,63,,,1,,,0
Z32_jucundum_x_lautum,CTGTTAGATT,Z32,jucundum_x_lautum,Mexico,Chiapas-Zinacantan,,,8,64,,,1,,,0
Z36_jucundum_x_lautum,TAACTGGTAC,Z36,jucundum_x_lautum,Mexico,Chiapas-Zinacantan,,,8,65,,,1,,,0
Z37_jucundum_x_lautum,GCCGGTGATT,Z37,jucundum_x_lautum,Mexico,Chiapas-Zinacantan,,,8,66,,,1,,,0
ELS774_phlebotricum,AGACGAATAG,ELS_774,phlebotrichum,Japan,,,,8,67,XXX,,0,,,1
ELS735_furcatum_JP,GGTCATTGTA,ELS_735,furcatum,Japan,,,,8,68,XXX,,0,,,1
ELS724_sargentii_JP,CGGTCGTTAC,ELS_724,sargentii,Japan,,,,8,69,XXX,,0,,,1
ELS723_plicatum_JP,GACGGACAGG,ELS_723,plicatum,Japan,,,,8,70,XXX,,0,,,1
ELS721_sieboldii_JP,ATTGCCACCG,ELS_721,sieboldii,Japan,,,,8,71,XXX,,0,,,1
ELS692_nudum,CAGAACCAGC,ELS_692,nudum,USA,,,,8,72,,,0,,,0
ELS660_nudum,GCTGTGCAGA,ELS_690,nudum,USA,,,,8,73,,,0,,,0
ELS689_nudum,AAGACCAATC,ELS_689,nudum,USA,,,,8,74,,,0,,,0
ELS688_nudum,CGCGCGGCTG,ELS_688,nudum,USA,,,,8,75,,,0,,,0
ELS685_nudum,GCATGAGGCG,ELS_685,nudum,USA,,,,8,76,,,0,,,0
ELS684_nudum,TGACGGTGAT,ELS_684,nudum,USA,,,,8,77,,,0,,,0
ELS679_nudum,CTTACCGGAG,ELS_679,nudum,USA,,,,8,78,,,0,,,0
ELS675_nudum,ACACACATCA,ELS_675,nudum,USA,,,,8,79,,,0,,,0
ELS674_nudum,TGTTGTCCGC,ELS_674,nudum,USA,,,,8,80,,,0,,,0
ELS671_nudum,ATCCGCGACG,ELS_671,nudum,USA,,,,8,81,,,0,,,0
ELS670_nudum,AAGTCGAGTA,ELS_670,nudum,USA,,,,8,82,,,0,,,0
ELS667_nudum,CCAATCAAGA,ELS_667,nudum,USA,,,,8,83,,,0,,,0
ELS666_nudum,TGAGCCAGCT,ELS_667,nudum,USA,,,,8,84,,,0,,,0
ELS652_nudum,TCTAGAGAAG,ELS_652,nudum,USA,,,,8,85,,,0,,,0
ELS678_nudum,GCCGAGGTGA,ELS_678,nudum,USA,,,,8,86,,,0,,,0
ZA2_microcarpum,GGTGAGTCGG,ZA2,microcarpum,Mexico,Puebla-Honey-Transect-Zamia,20.2426,-98.20852,8,87,,,1,,,0
ZA4_microcarpum,CTTATTCTAC,ZA4,microcarpum,Mexico,Puebla-Honey-Transect-Zamia,20.2426,-98.20852,8,88,,,1,,,0
Maldonado3040_seemenii,CAAGAGACGT,Maldonado_3040,seemenii,Bolivia,Franz_Tomayo,-14.525291,-68.563491,8,89,,,1,,,0
Fuentes4724_seemenii,GCACGTCTCC,Fuentes_4724,seemenii,Bolivia,Franz_Tomayo,-14.712682,-68.137889,8,90,XXX,,1,,,1
ELS677_nudum,GTGCTCTCTA,ELS_677,nudum,USA,,,,8,91,,,0,,,0
ELS662_nudum,GCGTCAGATG,ELS_667,nudum,USA,,,,8,92,,,0,,,0
ELS665_nudum,AATGAATCAG,ELS_665,nudum,USA,,,,8,93,,,0,,,0
ELS661_nudum,ATTAGGAGGC,ELS_661,nudum,USA,,,,8,94,,,0,,,0
ELS659_nudum,TTCTTCAGAC,ELS_659,nudum,USA,,,,8,95,,,0,,,0
FGXCONTROL,CGCACTTGAT,N/A,N/A,N/A,N/A,N/A,N/A,8,96,,,0,,,0
JLT_001,TCCGGAGCGC,JLT_001,jucundum-lautum-transect,Mexico,Chiapas-Huitepec,16.75,-92.68,7,1,,,1,Most jucundum-like,,0
JLT_002,CTAACACGGC,JLT_002,jucundum-lautum-transect,Mexico,Chiapas-Huitepec,16.75,-92.68,7,2,,,1,,,0
JLT_003,AGCTTCGATT,JLT_003,jucundum-lautum-transect,Mexico,Chiapas-Huitepec,16.75,-92.68,7,3,,,1,,,0
JLT_004,TCGCCGCAAT,JLT_004,jucundum-lautum-transect,Mexico,Chiapas-Huitepec,16.75,-92.68,7,4,,,1,,,0
JLT_005,TCAGTTCCGG,JLT_005,jucundum-lautum-transect,Mexico,Chiapas-Huitepec,16.75,-92.68,7,5,,,1,,,0
JLT_006,CGGAAGTGAG,JLT_006,jucundum-lautum-transect,Mexico,Chiapas-Huitepec,16.75,-92.68,7,6,,,1,,,0
JLT_007,GTTGCTAGAC,JLT_007,jucundum-lautum-transect,Mexico,Chiapas-Huitepec,16.75,-92.68,7,7,,,1,,,0
JLT_008,AATAGATTCA,JLT_008,jucundum-lautum-transect,Mexico,Chiapas-Huitepec,16.75,-92.68,7,8,,,1,,,0
JLT_009,AGCTGATACA,JLT_009,jucundum-lautum-transect,Mexico,Chiapas-Huitepec,16.75,-92.68,7,9,,,1,,,0
JLT_010,ATCAGTAGAA,JLT_010,jucundum-lautum-transect,Mexico,Chiapas-Huitepec,16.75,-92.68,7,10,,,1,,,0
JLT_011,TCGTCTTAGT,JLT_011,jucundum-lautum-transect,Mexico,Chiapas-Huitepec,16.75,-92.68,7,11,,,1,,,0
JLT_012,GCTCAGCCAG,JLT_012,jucundum-lautum-transect,Mexico,Chiapas-Huitepec,16.75,-92.68,7,12,,,1,,,0
JLT_013,CGGCTACTTC,JLT_013,jucundum-lautum-transect,Mexico,Chiapas-Huitepec,16.75,-92.68,7,13,,,1,,,0
JLT_014,CAAGCCGGTT,JLT_014,jucundum-lautum-transect,Mexico,Chiapas-Huitepec,16.75,-92.68,7,14,,,1,,,0
JLT_015,TTGCGCAAGC,JLT_015,jucundum-lautum-transect,Mexico,Chiapas-Huitepec,16.75,-92.68,7,15,,,1,,,0
JLT_016,TACGATGGAG,JLT_016,jucundum-lautum-transect,Mexico,Chiapas-Huitepec,16.75,-92.68,7,16,,,1,,,0
JLT_017,GCAATATACA,JLT_017,jucundum-lautum-transect,Mexico,Chiapas-Huitepec,16.75,-92.68,7,17,,,1,,,0
JLT_018,AAGAATTCGG,JLT_018,jucundum-lautum-transect,Mexico,Chiapas-Huitepec,16.75,-92.68,7,18,,,1,,,0
JLT_019,TCGGCAGTCG,JLT_019,jucundum-lautum-transect,Mexico,Chiapas-Huitepec,16.75,-92.68,7,19,,,1,,,0
JLT_020,AGTTCCATTG,JLT_020,jucundum-lautum-transect,Mexico,Chiapas-Huitepec,16.75,-92.68,7,20,,,1,,,0
JLT_021,TTCTTGCGCT,JLT_021,jucundum-lautum-transect,Mexico,Chiapas-Huitepec,16.75,-92.68,7,21,,,1,,,0
JLT_022,AGCAATCTAA,JLT_022,jucundum-lautum-transect,Mexico,Chiapas-Huitepec,16.75,-92.68,7,22,,,1,,,0
JLT_023,GAATTGTCGC,JLT_023,jucundum-lautum-transect,Mexico,Chiapas-Huitepec,16.75,-92.68,7,23,,,1,,,0
JLT_025,CTTCGACATA,JLT_025,jucundum-lautum-transect,Mexico,Chiapas-Huitepec,16.75,-92.68,7,24,,,1,Most lautum-like,,0
AST_001,GAGATATGGT,AST_001,acutifolium-sulcatum-transect,Mexico,Oaxaca-Mirador,17.5854,-96.517424,7,25,,,1,Most acutifolium-like,,0
AST_003,CTCCTTGGAG,AST_003,acutifolium-sulcatum-transect,Mexico,Oaxaca-Mirador,17.5854,-96.517424,7,26,,,1,,,0
AST_004,GTGTCTCTTG,AST_004,acutifolium-sulcatum-transect,Mexico,Oaxaca-Mirador,17.5854,-96.517424,7,27,,,1,,,0
AST_005,TGCAGTTATC,AST_005,acutifolium-sulcatum-transect,Mexico,Oaxaca-Mirador,17.5854,-96.517424,7,28,,,1,,,0
AST_006,TTCTGGAATA,AST_006,acutifolium-sulcatum-transect,Mexico,Oaxaca-Mirador,17.5854,-96.517424,7,29,,,1,,,0
AST_007,ACGCAACACA,AST_007,acutifolium-sulcatum-transect,Mexico,Oaxaca-Mirador,17.5854,-96.517424,7,30,,,1,,,0
AST_009,ACTGCCTCAA,AST_009,acutifolium-sulcatum-transect,Mexico,Oaxaca-Mirador,17.5854,-96.517424,7,31,,,1,,,0
AST_010,ACATCAATAT,AST_010,acutifolium-sulcatum-transect,Mexico,Oaxaca-Mirador,17.5854,-96.517424,7,32,,,1,,,0
AST_011,CCTCTTATCA,AST_011,acutifolium-sulcatum-transect,Mexico,Oaxaca-Mirador,17.5854,-96.517424,7,33,,,1,,,0
AST_012,TATCGTTAGT,AST_012,acutifolium-sulcatum-transect,Mexico,Oaxaca-Mirador,17.5854,-96.517424,7,34,,,1,,,0
AST_013,TAGTGCGGTC,AST_013,acutifolium-sulcatum-transect,Mexico,Oaxaca-Mirador,17.5854,-96.517424,7,35,,,1,,,0
AST_014,GGCCGGTAAC,AST_014,acutifolium-sulcatum-transect,Mexico,Oaxaca-Mirador,17.5854,-96.517424,7,36,,,1,,,0
AST_015,AGGAACCTCG,AST_015,acutifolium-sulcatum-transect,Mexico,Oaxaca-Mirador,17.5854,-96.517424,7,37,,,1,,,0
AST_016,TTATCCGTAG,AST_016,acutifolium-sulcatum-transect,Mexico,Oaxaca-Mirador,17.5854,-96.517424,7,38,,,1,,,0
AST_017,CGCTATACGG,AST_017,acutifolium-sulcatum-transect,Mexico,Oaxaca-Mirador,17.5854,-96.517424,7,39,,,1,,,0
AST_018,CACGCAACGA,AST_018,acutifolium-sulcatum-transect,Mexico,Oaxaca-Mirador,17.5854,-96.517424,7,40,,,1,,,0
AST_019,TGTCCTAGGA,AST_019,acutifolium-sulcatum-transect,Mexico,Oaxaca-Mirador,17.5854,-96.517424,7,41,,,1,,,0
AST_021,ATCCGTCTAC,AST_021,acutifolium-sulcatum-transect,Mexico,Oaxaca-Mirador,17.5854,-96.517424,7,42,,,1,,,0
AST_022,GGACTCACGG,AST_022,acutifolium-sulcatum-transect,Mexico,Oaxaca-Mirador,17.5854,-96.517424,7,43,,,1,,,0
AST_023,GCGTCCTGCC,AST_023,acutifolium-sulcatum-transect,Mexico,Oaxaca-Mirador,17.5854,-96.517424,7,44,,,1,Most sulcatum-like,,0
AST_024,ACTTGACCGG,AST_024,acutifolium-sulcatum-transect,Mexico,Oaxaca-Mirador,17.5854,-96.517424,7,45,,,1,Most sulcatum-like,,0
DE_001_microphyllum,AATGGTGACT,DE_001,microphyllum,Mexico,Morelia,19.614,-101.126,7,46,,,1,,,0
DE_002_microphyllum,CTAACAGTAT,DE_002,microphyllum,Mexico,Morelia,19.614,-101.126,7,47,,,1,,,0
DE_003_microphyllum,TCATAGGCTA,DE_003,microphyllum,Mexico,Morelia,19.614,-101.126,7,48,XXX,,1,,,1
MJD_001_sulcatum_111716,GCTGCACGGT,MJD_001_sulcatum_111716,sulcatum,Mexico,Oaxaca,?,?,7,49,,,1,,,0
MJD_002_sulcatum_111716,GCCGCAATGC,MJD_002_sulcatum_111716,sulcatum,Mexico,Oaxaca,?,?,7,50,,,1,,,0
MJD_003_sulcatum_111716,CGCTTCTCTG,MJD_003_sulcatum_111716,sulcatum,Mexico,Oaxaca,?,?,7,51,,,1,,,0
MJD_005_sulcatum_111716,CTCATTAACC,MJD_005_sulcatum_111716,sulcatum,Mexico,Oaxaca,?,?,7,52,,,1,,,0
MJD_006_sulcatum_hybrid_111716,TTGATGGTGC,MJD_006_sulcatum_hybrid_111716,sulcatum,Mexico,Oaxaca,?,?,7,53,,,1,,,0
MJD_007_sulcatum_oaxaca_111816,CAACATGAAG,MJD_007_sulcatum_oaxaca_111816,sulcatum,Mexico,Oaxaca,?,?,7,54,,,1,,,0
MJD_008_acutifolium_tutontepec_111816,ATGAAGGCAG,MJD_008_acutifolium_tutontepec_111816,acutifolium,Mexico,Oaxaca-Tutontepec,?,?,7,55,,,1,,,0
MJD_009_hartwegii_fuscum_tutontepec_111816,GATGGACTAA,MJD_009_hartwegii_fuscum_tutontepec_111816,fuscum,Mexico,Oaxaca-Tutontepec,?,?,7,56,,,1,,,0
MJD_010_hartwegii_fuscum_tutontepec_111816,GCATGGAGGT,MJD_010_hartwegii_fuscum_tutontepec_111816,fuscum,Mexico,Oaxaca-Tutontepec,?,?,7,57,,,1,,,0
MJD_011_acutifolium_tutontepec_111816,GTATATCCAC,MJD_011_acutifolium_tutontepec_111816,acutifolium,Mexico,Oaxaca-Tutontepec,?,?,7,58,,,1,,,0
MJD_012_acutifolium_tutontepec_111816,CGTACCTTGC,MJD_012_acutifolium_tutontepec_111816,acutifolium,Mexico,Oaxaca-Tutontepec,?,?,7,59,,,1,,,0
MJD_013_sulcatum_tutontepec_111816,TATCGCGGAG,MJD_013_sulcatum_tutontepec_111816,sulcatum,Mexico,Oaxaca-Tutontepec,?,?,7,60,,,1,,,0
MJD_014_sulcatum_tutontepec_111816,CATGCATACT,MJD_014_sulcatum_tutontepec_111816,sulcatum,Mexico,Oaxaca-Tutontepec,?,?,7,61,,,1,,,0
PWS_2083_foetidum_vietnam,TCACTGAGAA,PWS_2083,foetidum,Vietnam,Ha_Giang,23.1174,104.9409,7,62,,,0,,,0
PWS_2085_foetidum_vietnam,ATCCATAAGA,PWS_2085,foetidum,Vietnam,Ha_Giang,23.3566,105.2881,7,63,,,0,,,0
PWS_2185_luzonicum_guangdong,CTGTTAGATT,PWS_2185,luzonicum,China,Guangdong,24.88732,113.04671,7,64,,,0,,,0
PWS_2188_propinquum_guangxi,TAACTGGTAC,PWS_2188,propinquum,China,Guanxi,24.96943,113.09431,7,65,,,0,,,0
PWS_2197_luzonicum_guangxi,GCCGGTGATT,PWS_2197,luzonicum,China,Guanxi,24.6591,113.00825,7,66,,,0,,,0
PWS_2203_erosum_guangdong,AGACGAATAG,PWS_2203,erosum,China,Guangdong,24.93001,112.71408,7,67,,,0,,,0
PWS_2205_erosum_guangdong,GGTCATTGTA,PWS_2205,erosum,China,Guangdong,24.92541,112.73486,7,68,,,0,,,0
PWS_2208_dilatatum,CGGTCGTTAC,PWS_2208,dilatatum,China,Xing_an,25.86952,110.49565,7,69,,,0,,,0
PWS_2209_dilatatum,GACGGACAGG,PWS_2209,dilatatum,China,Xing_an,25.87626,110.48912,7,70,,,0,,,0
PWS_2212_dilatatum,ATTGCCACCG,PWS_2212,dilatatum,China,Xing_an,25.87626,110.48912,7,71,XXX,,0,,,1
PWS_2214_foetidum_guangxi,CAGAACCAGC,PWS_2214,foetidum,China,Guangxi,25.91344,110.45113,7,72,,,0,,,0
PWS_2217_foetidum_guangxi,GCTGTGCAGA,PWS_2217,foetidum,China,Guangxi,25.86588,110.41233,7,73,,,0,,,0
PWS_2220_erosum_guangxi,AAGACCAATC,PWS_2220,erosum,China,Guangxi,25.89409,110.47982,7,74,XXX,,0,,,1
PWS_2223_dilatatum,CGCGCGGCTG,PWS_2223,dilatatum,China,Zi_Yuan,25.90792,110.51271,7,75,,,0,,,0
PWS_2227_dilatatum,GCATGAGGCG,PWS_2227,dilatatum,China,Zi_Yuan,25.89308,110.39238,7,76,,,0,,,0
PWS_2229_taitoense_yunnan,TGACGGTGAT,PWS_2229,taitoense,China,Xing_an,25.79083,110.29827,7,77,XXX,,0,,,1
PWS_2231_odoratissimum_guangxi,CTTACCGGAG,PWS_2231,odoratissimum,China,Guangxi,25.79083,110.29827,7,78,,,0,,,0
PWS_2307_betulifolium_yunnan,ACACACATCA,PWS_2307,betulifolium,China,Yunnan,25.84162,100.04867,7,79,,,0,,,0
PWS_2316_odoratissimum_philippines,TGTTGTCCGC,PWS_2316,odoratissimum,Philippines,,16.36746,120.57021,7,80,,,0,,,0
PWS_2317_odoratissimum_philippines,ATCCGCGACG,PWS_2317,odoratissimum,Philippines,,16.36746,120.57021,7,81,,,0,,,0
PWS_2329_erosum_hubei,AAGTCGAGTA,PWS_2329,erosum,China,Hubei,31.44,110.385,7,82,,,0,,,0
PWS_2342_propinquum_marei,CCAATCAAGA,PWS_2342,propinquum-marei,China,Xingshan,31.21757,110.8755,7,83,,,0,,,0
PWS_2583_sympodiale_china,TGAGCCAGCT,PWS_2583,sympodiale,China,Hubei,31.52773,110.006,7,84,,,0,,,0
PWS_2589_foetidum_hubei,TCTAGAGAAG,PWS_2589,foetidum,China,Hubei,31.341154,110.245395,7,85,,,0,,,0
PWS_2596_propinquum,GCCGAGGTGA,PWS_2596,propinquum,China,Hubei,31.83141,110.62803,7,86,XXX,,0,,,1
PWS_3218_C3_ciliatum_x_tiliafolium,GGTGAGTCGG,PWS_3218_mislabel,ciliatum-x-tiliafolium,Mexico,Puebla-Honey_Transect,N/A,N/A,7,87,,,0,,,0
MJD_JP_007_sieboldii,CTTATTCTAC,MJD_JP_007,sieboldii,Japan,,,,7,88,,,0,,,0
MJD_JP_009_brachyandrum,CAAGAGACGT,MJD_JP_009,brachyandrum,,,,,7,89,XXX,,0,,,1
BETH_urceolatum,GCACGTCTCC,?,urceolatum,Japan,,,,7,90,,,0,,,0
HUL_H_31.1,GTGCTCTCTA,HUL_H_31.1,jucundum,Mexico,Chiapas-Huitepec,16.75,-92.68,7,91,,,1,,,0
PWS_2318_propinquum_philippines,GCGTCAGATG,PWS_2318,propinquum,Philippines,,16.33974,120.55811,7,92,,,0,,,0
PWS_2333_plicatum_hubei,AATGAATCAG,PWS_2333,plicatum,China,Hubei,31.44008,110.38186,7,93,,,0,,,0
MJD_JP_010_furcatum,ATTAGGAGGC,MJD_JP_010,furcatum,Japan,,,,7,94,,,0,,,0
PWS_3216_caudatum,TTCTTCAGAC,PWS_3216,caudatum,Mexico,Puebla,20.2526,-98.204737,7,95,,,1,,,0
FGXCONTROL,CGCACTTGAT,N/A,N/A,N/A,N/A,N/A,N/A,7,96,,,0,,,0
C1_ciliatum,TCCGGAGCGC,C1,ciliatum,Mexico,Puebla-Honey-Transect,20.25,-98.21,6,1,,,1,,,0
C2_caudatum,CTAACACGGC,C2,caudatum,Mexico,Puebla-Honey-Transect-Cumbre,20.25,-98.21,6,2,XXX,,1,,,1
PWS3218_ciliatum_x_tiliafolium,AGCTTCGATT,PWS_3218_C3,ciliatum_x_tiliafolium,Mexico,Puebla-Honey-Transect,20.25,-98.21,6,3,,,1,,,0
C4_tiliafolium_hybrid,TCGCCGCAAT,C4,tiliafolium,Mexico,Puebla-Honey-Transect,20.25,-98.21,6,4,,,1,,,0
C5_tiliafolium_hybrid,TCAGTTCCGG,C5,tiliafolium,Mexico,Puebla-Honey-Transect,20.25,-98.21,6,5,,,1,,,0
Edwards2013-48_urceolatum,CGGAAGTGAG,Edwards2013-48,urceolatum,,,,,6,6,,,0,,,0
Edwards2015-01_odoratissimum,GTTGCTAGAC,Edwards2015-01,odoratissimum,,,,,6,7,,,0,,,0
M2_caudatum,AATAGATTCA,M2,caudatum,Mexico,Puebla-Honey-Transect,20.25,-98.21,6,8,,,1,,,0
P2_microcarpum_x_caudatum,AGCTGATACA,P2,caudatum_x_microcarpum,Mexico,Puebla-Honey-Transect,20.25,-98.21,6,9,,,1,,,0
P3_microcarpum_x_caudatum,ATCAGTAGAA,P3,caudatum_x_microcarpum,Mexico,Puebla-Honey-Transect,20.25,-98.21,6,10,,,1,,,0
P5_microcarpum_x_caudatum,TCGTCTTAGT,P5,caudatum_x_microcarpum,Mexico,Puebla-Honey-Transect,20.25,-98.21,6,11,,,1,,,0
P6_microcarpum_x_caudatum,GCTCAGCCAG,P6,caudatum_x_microcarpum,Mexico,Puebla-Honey-Transect,20.25,-98.21,6,12,,,1,,,0
P8_microcarpum_x_caudatum,CGGCTACTTC,P8,caudatum_x_microcarpum,Mexico,Puebla-Honey-Transect,20.25,-98.21,6,13,,,1,,,0
P10_microcarpum_x_caudatum,CAAGCCGGTT,P10,caudatum_x_microcarpum,Mexico,Puebla-Honey-Transect,20.25,-98.21,6,14,,,1,,,0
P12_microcarpum_x_caudatum,TTGCGCAAGC,P12,caudatum_x_microcarpum,Mexico,Puebla-Honey-Transect,20.25,-98.21,6,15,,,1,,,0
P19_microcarpum_x_caudatum,TACGATGGAG,P19,caudatum_x_microcarpum,Mexico,Puebla-Honey-Transect,20.25,-98.21,6,16,,,1,,,0
P20_microcarpum_x_caudatum,GCAATATACA,P20,caudatum_x_microcarpum,Mexico,Puebla-Honey-Transect,20.25,-98.21,6,17,,,1,,,0
P22_microcarpum_x_caudatum,AAGAATTCGG,P22,caudatum_x_microcarpum,Mexico,Puebla-Honey-Transect,20.25,-98.21,6,18,,,1,,,0
P25_microcarpum_x_caudatum,TCGGCAGTCG,P25,caudatum_x_microcarpum,Mexico,Puebla-Honey-Transect,20.25,-98.21,6,19,,,1,,,0
P26_microcarpum_x_caudatum,AGTTCCATTG,P26,caudatum_x_microcarpum,Mexico,Puebla-Honey-Transect,20.25,-98.21,6,20,,,1,,,0
P28_microcarpum_x_caudatum,TTCTTGCGCT,P28,caudatum_x_microcarpum,Mexico,Puebla-Honey-Transect,20.25,-98.21,6,21,,,1,,,0
P30_microcarpum_x_caudatum,AGCAATCTAA,P30,caudatum_x_microcarpum,Mexico,Puebla-Honey-Transect,20.25,-98.21,6,22,,,1,,,0
P32_microcarpum_x_caudatum,GAATTGTCGC,P32,caudatum_x_microcarpum,Mexico,Puebla-Honey-Transect,20.25,-98.21,6,23,,,1,,,0
P34_microcarpum_x_caudatum,CTTCGACATA,P34,caudatum_x_microcarpum,Mexico,Puebla-Honey-Transect,20.25,-98.21,6,24,,,1,,,0
PWS3187_jucundum_x_hartwegii,GAGATATGGT,PWS_3187,jucundum_x_hartwegii,Mexico,Chiapas-Ocosingo,16.807,-92.32196,6,25,,,1,,,0
PWS3188_jucundum,CTCCTTGGAG,PWS_3188,jucundum,Mexico,Chiapas-Ocosingo,16.807,-92.32196,6,26,XXX,,1,,,1
PWS3189_lautum,GTGTCTCTTG,PWS_3189,lautum,Mexico,Chiapas-Yashtinin-Isabels,16.7574,-92.4469,6,27,XXX,,1,,,1
PWS3190_hartwegii,TGCAGTTATC,PWS_3190,hartwegii,Mexico,Chiapas-Amatenango,16.5298,-92.45712,6,28,XXX,,1,,,1
PWS3191_lautum,TTCTGGAATA,PWS_3191,lautum,Mexico,Chiapas-Moxviquil,16.7577,-92.63526,6,29,,,1,,,0
PWS3193_hartwegii,ACGCAACACA,PWS_3193,hartwegii,Mexico,Chiapas-Tenehapa,16.8736,-92.461975,6,30,,,1,,,0
PWS3194_hartwegii,ACTGCCTCAA,PWS_3194,hartwegii,Mexico,Chiapas,16.8736,-92.461975,6,31,,,1,,,0
PWS3195_hartwegii,ACATCAATAT,PWS_3195,hartwegii,Mexico,Chiapas,16.8736,-92.461975,6,32,,,1,,,0
PWS3196_elatum,CCTCTTATCA,PWS_3196,elatum,Mexico,Chiapas,16.7596,-92.681104,6,33,,,1,,,0
PWS3202_microcarpum_Veracruz_Jalapa,TATCGTTAGT,PWS_3202,microcarpum,Mexico,Veracruz-Jalapa,19.6214,-97.05567,6,34,XXX,,1,,,1
PWS3204_tiliafolium_Veracruz_LaJoya,TAGTGCGGTC,PWS_3204,microcarpum,Mexico,Veracruz-LaJoya,19.5861,-97.009966,6,35,,,1,,,0
PWS3205_tiliafolium_Veracruz_Zapotel,GGCCGGTAAC,PWS_3205,tiliafolium,Mexico,Veracruz-Zapotel,19.5142,-97.03954,6,36,,,1,,,0
PWS3206_stenocalyx_Veracruz_Saucal,AGGAACCTCG,PWS_3206,stenocalyx,Mexico,Veracruz-Saucal,19.5204,-97.05492,6,37,,,1,,,0
PWS3210_microcarpum_Veracruz_Mazatepec,TTATCCGTAG,PWS_3210,microcarpum,Mexico,Veracruz-Mazatepec,19.5752,-97.02296,6,38,,,1,,,0
PWS3211_caudatum_Veracruz_Pah-Honey,CGCTATACGG,PWS_3211,caudatum,Mexico,Puebla-Honey-Transect,20.2747,-98.17722,6,39,,,1,,,0
PWS3215_caudatum_x_microcarpum_Pah-Honey,CACGCAACGA,PWS_3215,caudatum,Mexico,Puebla-Honey-Transect,20.2747,-98.17722,6,40,,,1,,,0
PWS3216_caudatum_Veracruz_Pah-Honey,TGTCCTAGGA,PWS_3216,caudatum,Mexico,Puebla-Honey-Transect-water-spigot,20.2526,-98.204737,6,41,,,1,,,0
PWS3217_tiliafolium,ATCCGTCTAC,PWS_3217,tiliafolium,Mexico,Puebla-Honey-Transect-Cumbre,20.2526,-98.204737,6,42,,,1,,,0
Tzont_obtusatum,GGACTCACGG,Tzont,obtusatum,Mexico,Chiapas-Tzontehuiz,16.82,-92.58,6,43,XXX,,1,,,1
PWS3220_ciliatum,GCGTCCTGCC,PWS_3220,ciliatum,Mexico,Puebla-Honey,20.2426,-98.20852,6,44,XXX,,1,,,1
PWS3221_caudatum,ACTTGACCGG,PWS_3221,caudatum,Mexico,Puebla-Honey,20.253,-98.20434,6,45,,,1,,,0
PWS3223_caudatum,AATGGTGACT,PWS_3223,caudatum,Mexico,Puebla-Honey-Transect-abandoned-mine-M1,20.2426,-98.20852,6,46,,,1,,,0
PWS3225_ciliatum,CTAACAGTAT,PWS_3225,ciliatum,Mexico,Puebla-Honey,20.3169,-98.25694,6,47,,,1,,,0
PWS3226_microcarpum,TCATAGGCTA,PWS_3226,microcarpum,Mexico,Puebla-Honey-Transect-Tenango,20.3498,-98.23535,6,48,,,1,,,0
PWS3227_micrcarpum,GCTGCACGGT,PWS_3227,microcarpum,Mexico,Puebla-Honey-Transect-Tenango,20.3548,-98.2217,6,49,,,1,,,0
PWS3229_caudatum_x_microcarpum,GCCGCAATGC,PWS_3229,caudatum_x_microcarpum,Mexico,Hidalgo,20.3169,-98.25694,6,50,,,1,,,0
PWS3230_tiliafolium_Tenango-Victoria,CGCTTCTCTG,PWS_3230,tiliafolium,Mexico,Veracruz-Tenango,20.3274,-98.22978,6,51,,,1,,,0
PWS3234_stenocalyx_Dynamos_DF,CTCATTAACC,PWS_3234,stenocalyx,Mexico,DF-Dynamos,19.2712,-99.28402,6,52,,,1,,,0
SH2_ciliatum,TTGATGGTGC,SH2,ciliatum,Mexico,Puebla-Honey-Transect,20.25,-98.21,6,53,,,1,,,0
SH3_caudatum,CAACATGAAG,SH3,caudatum,Mexico,Puebla-Honey-Transect-sh-hill,20.25,-98.21,6,54,,,1,,,0
SH4_caudatum,ATGAAGGCAG,SH4,caudatum,Mexico,Puebla-Honey-Transect,20.25,-98.21,6,55,,,1,,,0
T1_caudatum,GATGGACTAA,T1,caudatum,Mexico,Puebla-Honey-Transect-Tenango,20.25,-98.21,6,56,,,1,,,0
T5_tiliafolium,GCATGGAGGT,T5,tiliafolium,Mexico,Puebla-Honey-Transect-Tenango,20.25,-98.21,6,57,,,1,,,0
V1_microcarpum,GTATATCCAC,V1,microcarpum,Mexico,Puebla-Honey-Transect-Viper,20.25,-98.21,6,58,,,1,,,0
Y3_jucundum_x_lautum,CGTACCTTGC,Y3,jucundum_x_lautum,Mexico,Chiapas-Yashtinin,16.7574,-92.4469,6,59,,,1,,,0
Y4_jucundum_x_lautum,TATCGCGGAG,Y4,jucundum_x_lautum,Mexico,Chiapas-Yashtinin,16.7574,-92.4469,6,60,,,1,,,0
Y5_jucundum_x_lautum,CATGCATACT,Y5,jucundum_x_lautum,Mexico,Chiapas-Yashtinin,16.7574,-92.4469,6,61,,,1,,,0
Y6_jucundum_x_lautum,TCACTGAGAA,Y6,jucundum_x_lautum,Mexico,Chiapas-Yashtinin,16.7574,-92.4469,6,62,,,1,,,0
Y8_jucundum_x_lautum,ATCCATAAGA,Y8,jucundum_x_lautum,Mexico,Chiapas-Yashtinin,16.7574,-92.4469,6,63,,,1,,,0
Y9_jucundum_x_lautum,CTGTTAGATT,Y9,jucundum_x_lautum,Mexico,Chiapas-Yashtinin,16.7574,-92.4469,6,64,,,1,,,0
Y11_jucundum_x_lautum,TAACTGGTAC,Y11,jucundum_x_lautum,Mexico,Chiapas-Yashtinin,16.7574,-92.4469,6,65,,,1,,,0
Y13_jucundum_x_lautum,GCCGGTGATT,Y13,jucundum_x_lautum,Mexico,Chiapas-Yashtinin,16.7574,-92.4469,6,66,,,1,,,0
Y16_jucundum_x_lautum,AGACGAATAG,Y16,jucundum_x_lautum,Mexico,Chiapas-Yashtinin,16.7574,-92.4469,6,67,,,1,,,0
Y17_jucundum_x_lautum,GGTCATTGTA,Y17,jucundum_x_lautum,Mexico,Chiapas-Yashtinin,16.7574,-92.4469,6,68,,,1,,,0
Yash-A-1_jucundum_x_lautum,CGGTCGTTAC,Yash-A-1,jucundum_x_lautum,Mexico,Chiapas-Yashtinin,16.7574,-92.4469,6,69,,,1,,,0
Yash-A-2_jucundum_x_lautum,GACGGACAGG,Yash-A-2,jucundum_x_lautum,Mexico,Chiapas-Yashtinin,16.7574,-92.4469,6,70,,,1,,,0
Yash-A-3_jucundum_x_lautum,ATTGCCACCG,Yash-A-3,jucundum_x_lautum,Mexico,Chiapas-Yashtinin,16.7574,-92.4469,6,71,,,1,,,0
Yash-A-4_jucundum_x_lautum,CAGAACCAGC,Yash-A-4,jucundum_x_lautum,Mexico,Chiapas-Yashtinin,16.7574,-92.4469,6,72,,,1,,,0
Yash-A-6_jucundum_x_lautum,GCTGTGCAGA,Yash-A-6,jucundum_x_lautum,Mexico,Chiapas-Yashtinin,16.7574,-92.4469,6,73,,,1,,,0
Yash-A-7_jucundum_x_lautum,AAGACCAATC,Yash-A-7,jucundum_x_lautum,Mexico,Chiapas-Yashtinin,16.7574,-92.4469,6,74,,,1,,,0
Yash-A-9_jucundum_x_lautum,CGCGCGGCTG,Yash-A-9,jucundum_x_lautum,Mexico,Chiapas-Yashtinin,16.7574,-92.4469,6,75,,,1,,,0
Yash-A-10_jucundum_x_lautum,GCATGAGGCG,Yash-A-10,jucundum_x_lautum,Mexico,Chiapas-Yashtinin,16.7574,-92.4469,6,76,,,1,,,0
Yash-A-11_jucundum_x_lautum,TGACGGTGAT,Yash-A-11,jucundum_x_lautum,Mexico,Chiapas-Yashtinin,16.7574,-92.4469,6,77,,,1,,,0
Yash-A-13_jucundum_x_lautum,CTTACCGGAG,Yash-A-13,jucundum_x_lautum,Mexico,Chiapas-Yashtinin,16.7574,-92.4469,6,78,,,1,,,0
Yash-A-14_jucundum_x_lautum,ACACACATCA,Yash-A-14,jucundum_x_lautum,Mexico,Chiapas-Yashtinin,16.7574,-92.4469,6,79,,,1,,,0
Yash-A-15_jucundum_x_lautum,TGTTGTCCGC,Yash-A-15,jucundum_x_lautum,Mexico,Chiapas-Yashtinin,16.7574,-92.4469,6,80,,,1,,,0
Yash-A-16_jucundum_x_lautum,ATCCGCGACG,Yash-A-16,jucundum_x_lautum,Mexico,Chiapas-Yashtinin,16.7574,-92.4469,6,81,,,1,,,0
Yash-A-18_jucundum_x_lautum,AAGTCGAGTA,Yash-A-18,jucundum_x_lautum,Mexico,Chiapas-Yashtinin,16.7574,-92.4469,6,82,,,1,,,0
Yash-A-19_jucundum_x_lautum,CCAATCAAGA,Yash-A-19,jucundum_x_lautum,Mexico,Chiapas-Yashtinin,16.7574,-92.4469,6,83,,,1,,,0
Yash-A-21_jucundum_x_lautum,TGAGCCAGCT,Yash-A-21,jucundum_x_lautum,Mexico,Chiapas-Yashtinin,16.7574,-92.4469,6,84,,,1,,,0
Yash-A-22_jucundum_x_lautum,TCTAGAGAAG,Yash-A-22,jucundum_x_lautum,Mexico,Chiapas-Yashtinin,16.7574,-92.4469,6,85,,,1,,,0
Yash-A-23_jucundum_x_lautum,GCCGAGGTGA,Yash-A-23,jucundum_x_lautum,Mexico,Chiapas-Yashtinin,16.7574,-92.4469,6,86,,,1,,,0
Yash-A-25_jucundum_x_lautum,GGTGAGTCGG,Yash-A-25,jucundum_x_lautum,Mexico,Chiapas-Yashtinin,16.7574,-92.4469,6,87,,,1,,,0
Yash-A-26_jucundum_x_lautum,CTTATTCTAC,Yash-A-26,jucundum_x_lautum,Mexico,Chiapas-Yashtinin,16.7574,-92.4469,6,88,,,1,,,0
Yash-A-27_jucundum_x_lautum,CAAGAGACGT,Yash-A-27,jucundum_x_lautum,Mexico,Chiapas-Yashtinin,16.7574,-92.4469,6,89,,,1,,,0
Yash-A-28_jucundum_x_lautum,GCACGTCTCC,Yash-A-28,jucundum_x_lautum,Mexico,Chiapas-Yashtinin,16.7574,-92.4469,6,90,,,1,,,0
Yash-A-29_jucundum_x_lautum,GTGCTCTCTA,Yash-A-29,jucundum_x_lautum,Mexico,Chiapas-Yashtinin,16.7574,-92.4469,6,91,,,1,,,0
Yash-A-30_jucundum_x_lautum,GCGTCAGATG,Yash-A-30,jucundum_x_lautum,Mexico,Chiapas-Yashtinin,16.7574,-92.4469,6,92,,,1,,,0
Yash-A-32_jucundum_x_lautum,AATGAATCAG,Yash-A-32,jucundum_x_lautum,Mexico,Chiapas-Yashtinin,16.7574,-92.4469,6,93,,,1,,,0
Yash-A-33_jucundum_x_lautum,ATTAGGAGGC,Yash-A-33,jucundum_x_lautum,Mexico,Chiapas-Yashtinin,16.7574,-92.4469,6,94,,,1,,,0
Yash-A-34_jucundum_x_lautum,TTCTTCAGAC,Yash-A-34,jucundum_x_lautum,Mexico,Chiapas-Yashtinin,16.7574,-92.4469,6,95,,,1,,,0
FGXCONTROL,CGCACTTGAT,N/A,N/A,N/A,N/A,N/A,N/A,6,96,,,1,,,0
Z41_jucundum_x_lautum,TCCGGAGCGC,Z41,jucundum_x_lautum,Mexico,Chiapas-Zinacantan,,,5,1,,,1,,,0
Z42_jucundum_x_lautum,CTAACACGGC,Z42,jucundum_x_lautum,Mexico,Chiapas-Zinacantan,,,5,2,,,1,,,0
Z43_jucundum_x_lautum,AGCTTCGATT,Z43,jucundum_x_lautum,Mexico,Chiapas-Zinacantan,,,5,3,,,1,,,0
Z44_jucundum_x_lautum,TCGCCGCAAT,Z44,jucundum_x_lautum,Mexico,Chiapas-Zinacantan,,,5,4,,,1,,,0
Z47_jucundum_x_lautum,TCAGTTCCGG,Z47,jucundum_x_lautum,Mexico,Chiapas-Zinacantan,,,5,5,,,1,,,0
Z48_jucundum_x_lautum,CGGAAGTGAG,Z48,jucundum_x_lautum,Mexico,Chiapas-Zinacantan,,,5,6,,,1,,,0
Z50_jucundum_x_lautum,GTTGCTAGAC,Z50,jucundum_x_lautum,Mexico,Chiapas-Zinacantan,,,5,7,,,1,,,0
Z51_jucundum_x_lautum,AATAGATTCA,Z51,jucundum_x_lautum,Mexico,Chiapas-Zinacantan,,,5,8,,,1,,,0
Z52_jucundum_x_lautum,AGCTGATACA,Z52,jucundum_x_lautum,Mexico,Chiapas-Zinacantan,,,5,9,,,1,,,0
Z53_jucundum_x_lautum,ATCAGTAGAA,Z53,jucundum_x_lautum,Mexico,Chiapas-Zinacantan,,,5,10,,,1,,,0
Z54_jucundum_x_lautum,TCGTCTTAGT,Z54,jucundum_x_lautum,Mexico,Chiapas-Zinacantan,,,5,11,,,1,,,0
Z55_jucundum_x_lautum,GCTCAGCCAG,Z55,jucundum_x_lautum,Mexico,Chiapas-Zinacantan,,,5,12,,,1,,,0
Z56_jucundum_x_lautum,CGGCTACTTC,Z56,jucundum_x_lautum,Mexico,Chiapas-Zinacantan,,,5,13,,,1,,,0
Z58_jucundum_x_lautum,CAAGCCGGTT,Z58,jucundum_x_lautum,Mexico,Chiapas-Zinacantan,,,5,14,,,1,,,0
Z59_jucundum_x_lautum,TTGCGCAAGC,Z59,jucundum_x_lautum,Mexico,Chiapas-Zinacantan,,,5,15,,,1,,,0
Z60_jucundum_x_lautum,TACGATGGAG,Z60,jucundum_x_lautum,Mexico,Chiapas-Zinacantan,,,5,16,,,1,,,0
Z62_jucundum_x_lautum,GCAATATACA,Z62,jucundum_x_lautum,Mexico,Chiapas-Zinacantan,,,5,17,,,1,,,0
Z63_jucundum_x_lautum,AAGAATTCGG,Z63,jucundum_x_lautum,Mexico,Chiapas-Zinacantan,,,5,18,,,1,,,0
Z64_jucundum_x_lautum,TCGGCAGTCG,Z64,jucundum_x_lautum,Mexico,Chiapas-Zinacantan,,,5,19,,,1,,,0
Z65_jucundum_x_lautum,AGTTCCATTG,Z65,jucundum_x_lautum,Mexico,Chiapas-Zinacantan,,,5,20,,,1,,,0
Z68_jucundum_x_lautum,TTCTTGCGCT,Z68,jucundum_x_lautum,Mexico,Chiapas-Zinacantan,,,5,21,,,1,,,0
Z69_jucundum_x_lautum,AGCAATCTAA,Z69,jucundum_x_lautum,Mexico,Chiapas-Zinacantan,,,5,22,,,1,,,0
Z71_jucundum_x_lautum,GAATTGTCGC,Z71,jucundum_x_lautum,Mexico,Chiapas-Zinacantan,,,5,23,,,1,,,0
Z72_jucundum_x_lautum,CTTCGACATA,Z72,jucundum_x_lautum,Mexico,Chiapas-Zinacantan,,,5,24,,,1,,,0
Z73_jucundum_x_lautum,GAGATATGGT,Z73,jucundum_x_lautum,Mexico,Chiapas-Zinacantan,,,5,25,,,1,,,0
Z74_jucundum_x_lautum,CTCCTTGGAG,Z74,jucundum_x_lautum,Mexico,Chiapas-Zinacantan,,,5,26,,,1,,,0
Z75_jucundum_x_lautum,GTGTCTCTTG,Z75,jucundum_x_lautum,Mexico,Chiapas-Zinacantan,,,5,27,,,1,,,0
Z76_jucundum_x_lautum,TGCAGTTATC,Z76,jucundum_x_lautum,Mexico,Chiapas-Zinacantan,,,5,28,,,1,,,0
Z77_jucundum_x_lautum,TTCTGGAATA,Z77,jucundum_x_lautum,Mexico,Chiapas-Zinacantan,,,5,29,,,1,,,0
Z79_jucundum_x_lautum,ACGCAACACA,Z79,jucundum_x_lautum,Mexico,Chiapas-Zinacantan,,,5,30,,,1,,,0
Z80_jucundum_x_lautum,ACTGCCTCAA,Z80,jucundum_x_lautum,Mexico,Chiapas-Zinacantan,,,5,31,,,1,,,0
Z81_jucundum_x_lautum,ACATCAATAT,Z81,jucundum_x_lautum,Mexico,Chiapas-Zinacantan,,,5,32,,,1,,,0
Z82_jucundum_x_lautum,CCTCTTATCA,Z82,jucundum_x_lautum,Mexico,Chiapas-Zinacantan,,,5,33,,,1,,,0
Z83_jucundum_x_lautum,TATCGTTAGT,Z83,jucundum_x_lautum,Mexico,Chiapas-Zinacantan,,,5,34,,,1,,,0
Z84_jucundum_x_lautum,TAGTGCGGTC,Z84,jucundum_x_lautum,Mexico,Chiapas-Zinacantan,,,5,35,,,1,,,0
Z85_jucundum_x_lautum,GGCCGGTAAC,Z85,jucundum_x_lautum,Mexico,Chiapas-Zinacantan,,,5,36,,,1,,,0
PWS2185_luzonicum_China_Guangdong,AGGAACCTCG,PWS_2185,luzonicum,China,Guangdong,24.88732,113.04671,5,37,,,0,,,0
Z86_jucundum_x_lautum,TTATCCGTAG,Z86,jucundum_x_lautum,Mexico,Chiapas-Zinacantan,,,5,38,,,1,,,0
Z88_jucundum_x_lautum,CGCTATACGG,Z88,jucundum_x_lautum,Mexico,Chiapas-Zinacantan,,,5,39,,,1,,,0
Z89_jucundum_x_lautum,CACGCAACGA,Z89,jucundum_x_lautum,Mexico,Chiapas-Zinacantan,,,5,40,,,1,,,0
Z90_jucundum_x_lautum,TGTCCTAGGA,Z90,jucundum_x_lautum,Mexico,Chiapas-Zinacantan,,,5,41,,,1,,,0
Z93_jucundum_x_lautum,ATCCGTCTAC,Z93,jucundum_x_lautum,Mexico,Chiapas-Zinacantan,,,5,42,,,1,,,0
Z94_jucundum_x_lautum,GGACTCACGG,Z94,jucundum_x_lautum,Mexico,Chiapas-Zinacantan,,,5,43,,,1,,,0
Z95_jucundum_x_lautum,GCGTCCTGCC,Z95,jucundum_x_lautum,Mexico,Chiapas-Zinacantan,,,5,44,,,1,,,0
Z96_jucundum_x_lautum,ACTTGACCGG,Z96,jucundum_x_lautum,Mexico,Chiapas-Zinacantan,,,5,45,,,1,,,0
Z97_jucundum_x_lautum,AATGGTGACT,Z97,jucundum_x_lautum,Mexico,Chiapas-Zinacantan,,,5,46,,,1,,,0
Z99_jucundum_x_lautum,CTAACAGTAT,Z99,jucundum_x_lautum,Mexico,Chiapas-Zinacantan,,,5,47,,,1,,,0
Z8_jucundum_x_lautum,TCATAGGCTA,Z8,jucundum_x_lautum,Mexico,Chiapas-Zinacantan,,,5,48,,,1,,,0
PWS2589_foetidum_rect_China_Hubei,GCTGCACGGT,PWS_2589,foetidum,China,Hubei,31.341154,110.245395,5,49,,,0,,,0
PWS2344_betulifolium_China_Hubei,GCCGCAATGC,PWS_2344,betulifolium,China,Hubei,31.50285,110.4324,5,50,,,0,,,0
PWS2334_betulifolium_China_Hubei,CGCTTCTCTG,PWS_2334,betulifolium,China,Hubei,31.44008,110.38186,5,51,,,0,,,0
PWS2194_sempervirens_China_Guangdong,CTCATTAACC,PWS_2194,sempervirens,China,Guangdong,24.68224,113.08514,5,52,,,0,,,0
PWS2238_foetidum_coen_China_Yunnan,TTGATGGTGC,PWS_2238,foetidum,China,Yunnan,23.4685,103.9398,5,53,,,0,,,0
PWS3209_tiliafolium_Veracruz_Zapotel,CAACATGAAG,PWS_3209,tiliafolium,Mexico,Veracruz-Zapotel,19.5128,-97.04366,5,54,,,1,,,0
P27_microcarpum_x_caudatum,ATGAAGGCAG,P27,caudatum_x_microcarpum,Mexico,Puebla-Honey-Transect,20.25,-98.21,5,55,,,1,,,0
ELS730_dilatatum,GATGGACTAA,ELS_730,dilatatum,Japan,,,,5,56,,,0,,,0
PWS3208_stenocalyx_Veracruz_Saucal,GCATGGAGGT,PWS_3208,stenocalyx,Mexico,Veracruz-Saucal,19.5204,-97.05492,5,57,XXX,,1,,,1
ELS653_nudum,GTATATCCAC,ELS_653,nudum,USA,,,,5,58,,,0,,,0
Z40_jucundum_x_lautum,CGTACCTTGC,Z40,jucundum_x_lautum,Mexico,Chiapas-Zinacantan,,,5,59,,,1,,,0
PWS3223_m1_caudatum,TATCGCGGAG,PWS_3223_M1,caudatum,Mexico,Puebla-Honey-Transect,20.2426,-98.20852,5,60,,,1,,,0
Z78_jucundum_x_lautum,CATGCATACT,Z78,jucundum_x_lautum,Mexico,Chiapas-Zinacantan,,,5,61,,,1,,,0
Edwards2013-4_luzonicum,TCACTGAGAA,Edwards_2013_4,luzonicum,,,,,5,62,,,0,,,0
Yash-D-7_jucundum_x_lautum,ATCCATAAGA,Yash-D-7,jucundum_x_lautum,Mexico,Chiapas-Yashtinin,16.7574,-92.4469,5,63,,,1,,,0
Yash-A-12_jucundum_x_lautum,CTGTTAGATT,Yash-A-12,jucundum_x_lautum,Mexico,Chiapas-Yashtinin,16.7574,-92.4469,5,64,,,1,,,0
Edwards2013-33_taiwanianum,TAACTGGTAC,Edwards_2013_33,taiwanianum,,,,,5,65,,,0,,,0
Z87_jucundum_x_lautum,GCCGGTGATT,Z87,jucundum_x_lautum,Mexico,Chiapas-Zinacantan,,,5,66,,,1,,,0
Edwards2013-36_luzonicum_TW_high,AGACGAATAG,Edwards_2013_36,luzonicum,Taiwan,,,,5,67,,,0,,,0
PWS3222_tiliafolium,GGTCATTGTA,PWS_3222,tiliafolium,Mexico,Puebla-Honey-Transect-Honey,20.2426,-98.20852,5,68,,,1,,,0
PWS3214_microcarpum_x_caudatum_Honey-Pah,CGGTCGTTAC,PWS_3214,caudatum_x_microcarpum,Mexico,Puebla-Honey-Transect,20.2747,-98.17722,5,69,,,1,,,0
Tzont_jucundum_x_blandum_hybrid_1,GACGGACAGG,Tzont_jucundum_x_blandum_hybrid_1,blandum_x_jucundum,Mexico,Chiapas-Tzontehuiz,16.82,-92.58,5,70,,,1,,,0
Yash-A-17_jucundum_x_lautum,ATTGCCACCG,Yash-A-17,jucundum_x_lautum,Mexico,,,,5,71,,,1,,,0
Edwards2013-60_furcatum,CAGAACCAGC,Edwards_2013_60,furcatum,,,,,5,72,,,0,,,0
ELS658_nudum,GCTGTGCAGA,ELS_658,nudum,,,,,5,73,,,0,,,0
Z61_jucundum_x_lautum,AAGACCAATC,Z61,jucundum_x_lautum,Mexico,Chiapas-Zinacantan,,,5,74,,,1,,,0
P21_microcarpum_x_caudatum,CGCGCGGCTG,P21,caudatum_x_microcarpum,Mexico,Puebla-Honey-Transect,20.2426,-98.20852,5,75,,,1,,,0
P17_microcarpum_x_caudatum,GCATGAGGCG,P17,caudatum_x_microcarpum,Mexico,Puebla-Honey-Transect,20.2426,-98.20852,5,76,,,1,,,0
Y2_jucundum_x_lautum,TGACGGTGAT,Y2,jucundum_x_lautum,Mexico,Chiapas-Yashtinin,16.7574,-92.4469,5,77,,,1,,,0
Edwards2014-04_triphyllum_Peru,CTTACCGGAG,Edwards_2014_04,triphyllum,Peru,,,,5,78,XXX,,1,,,1
PWS3186_hartwegii,ACACACATCA,PWS_3186,hartwegii,Mexico,Chiapas-Ocosingo,16.807,-92.32196,5,79,,,1,,,0
ELS681_nudum,TGTTGTCCGC,ELS_681,nudum,USA,,,,5,80,,,0,,,0
P18_microcarpum_x_caudatum,ATCCGCGACG,P18,caudatum_x_microcarpum,Mexico,Puebla-Honey-Transect,20.2426,-98.20852,5,81,,,1,,,0
Fuentes8750_seemenii,AAGTCGAGTA,Fuentes_8750,seemenii,Bolivia,Franz_Tomayo,-14.712682,-68.137889,5,82,,,1,,,0
P33_microcarpum_x_caudatum,CCAATCAAGA,P33,caudatum_x_microcarpum,Mexico,Puebla-Honey-Transect,20.2426,-98.20852,5,83,,,1,,,0
Yash-D-17_jucundum_x_lautum,TGAGCCAGCT,Yash-D-17,jucundum_x_lautum,Mexico,Chiapas-Yashtinin,16.7574,-92.4469,5,84,,,1,,,0
Edwards2013-02_odoratissimum_TW,TCTAGAGAAG,Edwards_2013_02,odoratissimum,Taiwan,,,,5,85,,,0,,,0
Edwards2013-30_taitoense_TW,GCCGAGGTGA,Edwards_2013_30,taitoense,Taiwan,,,,5,86,,,0,,,0
Edwards2013-35_odoratissimum_TW,GGTGAGTCGG,Edwards_2013_35,odoratissimum,Taiwan,,,,5,87,XXX,,0,,,1
ELS680_nudum,CTTATTCTAC,ELS_680,nudum,USA,,,,5,88,,,0,,,0
Z6_jucundum_x_lautum,CAAGAGACGT,Z6,jucundum_x_lautum,Mexico,Chiapas-Zinacantan,,,5,89,,,1,,,0
Y1_jucundum_x_lautum,GCACGTCTCC,Y1,jucundum_x_lautum,Mexico,Chiapas-Yashtinin,16.7574,-92.4469,5,90,,,1,,,0
Yash-A-24_jucundum_x_lautum,GTGCTCTCTA,Yash-A-24,jucundum_x_lautum,Mexico,Chiapas-Yashtinin,16.7574,-92.4469,5,91,,,1,,,0
Z45_jucundum_x_lautum,GCGTCAGATG,Z45,jucundum_x_lautum,Mexico,Chiapas-Zinacantan,,,5,92,,,1,,,0
Z10_jucundum_x_lautum,AATGAATCAG,Z10,jucundum_x_lautum,Mexico,Chiapas-Zinacantan,,,5,93,,,1,,,0
Z19_jucundum_x_lautum,ATTAGGAGGC,Z19,jucundum_x_lautum,Mexico,Chiapas-Zinacantan,,,5,94,,,1,,,0
Z46_jucundum_x_lautum,TTCTTCAGAC,Z46,jucundum_x_lautum,Mexico,Chiapas-Zinacantan,,,5,95,,,1,,,0
FGXCONTROL,CGCACTTGAT,N/A,N/A,N/A,N/A,N/A,N/A,5,96,,,0,,,0
ELS592_dentatum,TCCGGAGCGC,ELS_592,dentatum,USA,,,,4,1,,,0,,,0
ELS597_dentatum,CTAACACGGC,ELS_597,dentatum,USA,,,,4,2,,,0,,,0
ELS599_dentatum,AGCTTCGATT,ELS_599,dentatum,USA,,,,4,3,,,0,,,0
ELS391_nudum,TCGCCGCAAT,ELS_391,nudum,USA,,,,4,4,,,0,,,0
ELS237_rufidulum,TCAGTTCCGG,ELS_237,rufidulum,USA,,,,4,5,,,0,,,0
ELS249_rufidulum,CGGAAGTGAG,ELS_249,rufidulum,USA,,,,4,6,,,0,,,0
ELS483_rufidulum,GTTGCTAGAC,ELS_483,rufidulum,USA,,,,4,7,,,0,,,0
ELS505_rufidulum,AATAGATTCA,ELS_505,rufidulum,USA,,,,4,8,,,0,,,0
ELS511_rufidulum,AGCTGATACA,ELS_511,rufidulum,USA,,,,4,9,,,0,,,0
ELS518_rufidulum,ATCAGTAGAA,ELS_518,rufidulum,USA,,,,4,10,,,0,,,0
ELS519_rufidulum,TCGTCTTAGT,ELS_519,rufidulum,USA,,,,4,11,,,0,,,0
ELS579_rufidulum,GCTCAGCCAG,ELS_579,rufidulum,USA,,,,4,12,,,0,,,0
ELS608_rufidulum,CGGCTACTTC,ELS_608,rufidulum,USA,,,,4,13,,,0,,,0
ELS645_nudum,CAAGCCGGTT,ELS_645,nudum,USA,,,,4,14,,,0,,,0
ELS171_rufidulum,TTGCGCAAGC,ELS_171,rufidulum,USA,,,,4,15,,,0,,,0
ELS488_rufidulum,TACGATGGAG,ELS_488,rufidulum,USA,,,,4,16,,,0,,,0
ELS489_rufidulum,GCAATATACA,ELS_489,rufidulum,USA,,,,4,17,,,0,,,0
ELS508_rufidulum,AAGAATTCGG,ELS_508,rufidulum,USA,,,,4,18,,,0,,,0
ELS347_prunifolium,TCGGCAGTCG,ELS_347,prunifolium,USA,,,,4,19,,,0,,,0
ELS432_lentago,AGTTCCATTG,ELS_432,lentago,USA,,,,4,20,,,0,,,0
ELS257_obovatum,TTCTTGCGCT,ELS_257,obovatum,USA,,,,4,21,,,0,,,0
ELS298_nudum,AGCAATCTAA,ELS_298,nudum,USA,,,,4,22,,,0,,,0
ELS595_obovatum,GAATTGTCGC,ELS_595,obovatum,USA,,,,4,23,,,0,,,1
ELS600_obovatum,CTTCGACATA,ELS_600,obovatum,USA,,,,4,24,,,0,,,0
ELS445_prunifolium,GAGATATGGT,ELS_445,prunifolium,USA,,,,4,25,,,0,,,0
ELS478_prunifolium,CTCCTTGGAG,ELS_478,prunifolium,USA,,,,4,26,XXX,,0,,,1
ELS491_prunifolium,GTGTCTCTTG,ELS_491,prunifolium,USA,,,,4,27,,,0,,,0
ELS500_prunifolium,TGCAGTTATC,ELS_500,prunifolium,USA,,,,4,28,,,0,,,0
ELS514_prunifolium,TTCTGGAATA,ELS_514,prunifolium,USA,,,,4,29,,,0,,,0
ELS487_hybrid,ACGCAACACA,ELS_487,hybrid,USA,,,,4,30,,,0,,,0
ELS512_dentatum,ACTGCCTCAA,ELS_512,dentatum,USA,,,,4,31,,,0,,,0
ELS309_nudum,ACATCAATAT,ELS_309,nudum,USA,,,,4,32,XXX,,0,,,1
ELS619_nudum,CCTCTTATCA,ELS_619,nudum,USA,,,,4,33,,,0,,,0
ELS621_nudum,TATCGTTAGT,ELS_621,nudum,USA,,,,4,34,XXX,,0,,,1
ELS647_lentago,TAGTGCGGTC,ELS_647,lentago,USA,,,,4,35,,,0,,,0
ELS649_lentago,GGCCGGTAAC,ELS_649,lentago,USA,,,,4,36,,,0,,,0
ELS650_dentatum,AGGAACCTCG,ELS_650,dentatum,USA,,,,4,37,XXX,,0,,,1
BP001_dentatum,TTATCCGTAG,BP_001,dentatum,USA,,,,4,38,,,0,,,0
BP006_nudum,CGCTATACGG,BP_006,nudum,USA,,,,4,39,,,0,,,0
MJD001_dentatum,CACGCAACGA,MJD_001,dentatum,USA,,,,4,40,,,0,,,0
MJD002_nudum,TGTCCTAGGA,MJD_002,nudum,USA,,,,4,41,,,0,,,0
EJE005_nudum,ATCCGTCTAC,EJE_005,nudum,USA,,,,4,42,,,0,,,0
ELS016_rufidulum,GGACTCACGG,ELS_016,rufidulum,USA,,,,4,43,,,0,,,0
ELS187_rufidulum,GCGTCCTGCC,ELS_187,rufidulum,USA,,,,4,44,,,0,,,0
ELS190_rufidulum,ACTTGACCGG,ELS_190,rufidulum,USA,,,,4,45,,,0,,,0
ELS221_rufidulum,AATGGTGACT,ELS_221,rufidulum,USA,,,,4,46,XXX,,0,,,1
ELS576_rufidulum,CTAACAGTAT,ELS_576,rufidulum,USA,,,,4,47,,,0,,,0
ELS011_rufidulum,TCATAGGCTA,ELS_011,rufidulum,USA,,,,4,48,,,0,,,0
ELS367_prunifolium,GCTGCACGGT,ELS_367,prunifolium,USA,,,,4,49,,,0,,,0
ELS265_nudum,GCCGCAATGC,ELS_265,nudum,USA,,,,4,50,,,0,,,0
ELS332_prunifolium,CGCTTCTCTG,ELS_332,prunifolium,USA,,,,4,51,,,0,,,0
ELS198_nudum,CTCATTAACC,ELS_198,nudum,USA,,,,4,52,,,0,,,0
ELS341_prunifolium,TTGATGGTGC,ELS_341,prunifolium,USA,,,,4,53,,,0,,,0
ELS361_prunifolium,CAACATGAAG,ELS_361,prunifolium,USA,,,,4,54,,,0,,,0
ELS252_nudum,ATGAAGGCAG,ELS_252,nudum,USA,,,,4,55,,,0,,,0
ELS360_prunifolium,GATGGACTAA,ELS_360,prunifolium,USA,,,,4,56,,,0,,,0
ELS363_prunifolium,GCATGGAGGT,ELS_363,prunifolium,USA,,,,4,57,,,0,,,0
ELS460_prunifolium,GTATATCCAC,ELS_460,prunifolium,USA,,,,4,58,,,0,,,0
ELS476_prunifolium,CGTACCTTGC,ELS_476,prunifolium,USA,,,,4,59,,,0,,,0
ELS498_prunifolium,TATCGCGGAG,ELS_498,prunifolium,USA,,,,4,60,,,0,,,0
ELS521_prunifolium,CATGCATACT,ELS_521,prunifolium,USA,,,,4,61,,,0,,,0
ELS525_prunifolium,TCACTGAGAA,ELS_525,prunifolium,USA,,,,4,62,,,0,,,0
ELS632_prunifolium,ATCCATAAGA,ELS_632,prunifolium,USA,,,,4,63,,,0,,,0
NYBG01_lentago,CTGTTAGATT,NYBG_01,lentago,USA,,,,4,64,,,0,,,0
NYBG02_lentago,TAACTGGTAC,NYBG_02,lentago,USA,,,,4,65,,,0,,,0
NYBG04_obovatum,GCCGGTGATT,NYBG_04,obovatum,USA,,,,4,66,,,0,,,0
NYBG05_obovatum,AGACGAATAG,NYBG_05,obovatum,USA,,,,4,67,,,0,,,0
NYGB07_prunifolium,GGTCATTGTA,NYBG_07,prunifolium,USA,,,,4,68,,,0,,,0
NYBG08_prunifolium,CGGTCGTTAC,NYBG_08,prunifolium,USA,,,,4,69,,,0,,,0
NYBG09_prunifolium,GACGGACAGG,NYBG_09,prunifolium,USA,,,,4,70,,,0,,,0
NYBG10_rufidulum,ATTGCCACCG,NYBG_10,rufidulum,USA,,,,4,71,,,0,,,0
NYBG11_rufidulum,CAGAACCAGC,NYBG_11,rufidulum,USA,,,,4,72,,,0,,,0
NYBG13_nudum,GCTGTGCAGA,NYBG_13,nudum,USA,,,,4,73,,,0,,,0
NYBG15_nudum,AAGACCAATC,NYBG_15,nudum,USA,,,,4,74,,,0,,,0
NYBG16_nudum,CGCGCGGCTG,NYBG_16,nudum,USA,,,,4,75,,,0,,,0
NYBG02_dentatum,GCATGAGGCG,NYBG_02,dentatum,USA,,,,4,76,,,0,,,0
NYBG05_lentago,TGACGGTGAT,NYBG_05,lentago,USA,,,,4,77,,,0,,,0
NYBG07_nudum,CTTACCGGAG,NYBG_07,nudum,USA,,,,4,78,,,0,,,0
TEX1_elatum,ACACACATCA,TEX1,elatum,USA,,,,4,79,,,0,,,0
MJD277_elatum,TGTTGTCCGC,MJD_277,elatum,USA,,,,4,80,,,0,,,0
MJD75_elatum,ATCCGCGACG,MJD_75,elatum,USA,,,,4,81,,,0,,,0
MJD146_elatum,AAGTCGAGTA,MJD_146,elatum,USA,,,,4,82,,,0,,,0
MJD2_elatum,CCAATCAAGA,MJD_2,elatum,USA,,,,4,83,,,0,,,0
PWS3063_elatum,TGAGCCAGCT,PWS_3063,elatum,Mexico,Chiapas,16.5821,-92.50706,4,84,,,0,,,0
PWS3084_elatum,TCTAGAGAAG,PWS_3084,elatum,Mexico,Chiapas,16.7596,-92.681312,4,85,XXX,,0,,,1
ELS158_prunifolium,GCCGAGGTGA,ELS_158,prunifolium,USA,,,,4,86,,,0,,,0
ELS163_dentatum,GGTGAGTCGG,ELS_163,dentatum,USA,,,,4,87,,,0,,,0
ELS292_dentatum,CTTATTCTAC,ELS_292,dentatum,USA,,,,4,88,,,0,,,0
ELS382_dentatum,CAAGAGACGT,ELS_382,dentatum,USA,,,,4,89,,,0,,,0
ELS401_lentago,GCACGTCTCC,ELS_401,lentago,USA,,,,4,90,XXX,,0,,,1
ELS199_nudum,GTGCTCTCTA,ELS_199,nudum,USA,,,,4,91,,,0,,,0
ELS255_nudum,GCGTCAGATG,ELS_255,nudum,USA,,,,4,92,,,0,,,0
ELS410_nudum,AATGAATCAG,ELS_410,nudum,USA,,,,4,93,,,0,,,0
ELS286_prunifolium,ATTAGGAGGC,ELS_286,prunifolium,USA,,,,4,94,,,0,,,0
ELS104_lentago,TTCTTCAGAC,ELS_104,lentago,USA,,,,4,95,,,0,,,0
FGXCONTROL,CGCACTTGAT,N/A,N/A,N/A,N/A,N/A,N/A,4,96,,,0,,,0
ELS602_dentatum,TCCGGAGCGC,ELS_602,dentatum,USA,,,,3,1,,,0,,,0
ELS609_dentatum,CTAACACGGC,ELS_609,dentatum,USA,,,,3,2,,,0,,,0
ELS610_dentatum,AGCTTCGATT,ELS_610,dentatum,USA,,,,3,3,,,0,,,0
ELS613_dentatum,TCGCCGCAAT,ELS_613,dentatum,USA,,,,3,4,,,0,,,0
ELS617_dentatum,TCAGTTCCGG,ELS_617,dentatum,USA,,,,3,5,,,0,,,0
ELS623_dentatum,CGGAAGTGAG,ELS_623,dentatum,USA,,,,3,6,,,0,,,0
ELS633_dentatum,GTTGCTAGAC,ELS_633,dentatum,USA,,,,3,7,,,0,,,0
ELS636_dentatum,AATAGATTCA,ELS_636,dentatum,USA,,,,3,8,,,0,,,0
ELS637_dentatum,AGCTGATACA,ELS_637,dentatum,USA,,,,3,9,,,0,,,0
ELS639_dentatum,ATCAGTAGAA,ELS_639,dentatum,USA,,,,3,10,,,0,,,0
ELS640_dentatum,TCGTCTTAGT,ELS_640,dentatum,USA,,,,3,11,,,0,,,0
ELS641_dentatum,GCTCAGCCAG,ELS_641,dentatum,USA,,,,3,12,,,0,,,0
ELS646_dentatum,CGGCTACTTC,ELS_646,dentatum,USA,,,,3,13,,,0,,,0
ELS208_dentatum,CAAGCCGGTT,ELS_208,dentatum,USA,,,,3,14,,,0,,,0
ELS216_dentatum,TTGCGCAAGC,ELS_216,dentatum,USA,,,,3,15,,,0,,,0
ELS272_dentatum,TACGATGGAG,ELS_272,dentatum,USA,,,,3,16,,,0,,,0
ELS067_dentatum,GCAATATACA,ELS_067,dentatum,USA,,,,3,17,,,0,,,0
ELS069_dentatum,AAGAATTCGG,ELS_069,dentatum,USA,,,,3,18,,,0,,,0
ELS161_dentatum,TCGGCAGTCG,ELS_161,dentatum,USA,,,,3,19,,,0,,,0
ELS193_dentatum,AGTTCCATTG,ELS_193,scabrellum,USA,,,,3,20,XXX,,0,scabrellum,,1
ELS291_dentatum,TTCTTGCGCT,ELS_291,dentatum,USA,,,,3,21,,,0,,,0
ELS326_dentatum,AGCAATCTAA,ELS_326,dentatum,USA,,,,3,22,,,0,,,0
ELS393_dentatum,GAATTGTCGC,ELS_393,dentatum,USA,,,,3,23,,,0,,,0
ELS439_dentatum,CTTCGACATA,ELS_439,dentatum,USA,,,,3,24,,,0,,,0
ELS442_dentatum,GAGATATGGT,ELS_442,dentatum,USA,,,,3,25,,,0,,,0
ELS453_dentatum,CTCCTTGGAG,ELS_453,dentatum,USA,,,,3,26,,,0,,,0
ELS452_dentatum,GTGTCTCTTG,ELS_452,dentatum,USA,,,,3,27,,,0,,,0
ELS495_dentatum,TGCAGTTATC,ELS_495,dentatum,USA,,,,3,28,,,0,,,0
ELS503_dentatum,TTCTGGAATA,ELS_503,dentatum,USA,,,,3,29,,,0,,,0
ELS526_dentatum,ACGCAACACA,ELS_526,dentatum,USA,,,,3,30,,,0,,,0
ELS528_dentatum,ACTGCCTCAA,ELS_528,dentatum,USA,,,,3,31,,,0,,,0
ELS529_dentatum,ACATCAATAT,ELS_529,dentatum,USA,,,,3,32,,,0,,,0
ELS322_nudum,CCTCTTATCA,ELS_322,nudum,USA,,,,3,33,,,0,,,0
ELS324_nudum,TATCGTTAGT,ELS_324,nudum,USA,,,,3,34,,,0,,,0
ELS328_nudum,TAGTGCGGTC,ELS_328,nudum,USA,,,,3,35,,,0,,,0
ELS423_nudum,GGCCGGTAAC,ELS_423,nudum,USA,,,,3,36,,,0,,,0
ELS532_nudum,AGGAACCTCG,ELS_532,nudum,USA,,,,3,37,,,0,,,0
ELS537_nudum,TTATCCGTAG,ELS_537,nudum,USA,,,,3,38,,,0,,,0
ELS542_nudum,CGCTATACGG,ELS_542,nudum,USA,,,,3,39,,,0,,,0
ELS564_nudum,CACGCAACGA,ELS_564,nudum,USA,,,,3,40,,,0,,,0
ELS067_nudum,TGTCCTAGGA,ELS_067,nudum,USA,,,,3,41,,,0,,,0
ELS586_nudum,ATCCGTCTAC,ELS_586,nudum,USA,,,,3,42,,,0,,,0
ELS607_nudum,GGACTCACGG,ELS_607,nudum,USA,,,,3,43,,,0,,,0
ELS612_nudum,GCGTCCTGCC,ELS_612,nudum,USA,,,,3,44,,,0,,,0
ELS630_nudum,ACTTGACCGG,ELS_630,nudum,USA,,,,3,45,,,0,,,0
ELS631_nudum,AATGGTGACT,ELS_631,nudum,USA,,,,3,46,,,0,,,0
ELS170_dentatum,CTAACAGTAT,ELS_170,dentatum,USA,,,,3,47,,,0,,,0
ELS203_dentatum,TCATAGGCTA,ELS_203,dentatum,USA,,,,3,48,,,0,,,0
ELS213_dentatum,GCTGCACGGT,ELS_213,dentatum,USA,,,,3,49,,,0,,,0
ELS281_dentatum,GCCGCAATGC,ELS_281,dentatum,USA,,,,3,50,,,0,,,0
ELS081_nudum,CGCTTCTCTG,ELS_081,nudum,USA,,,,3,51,,,0,,,0
ELS301_nudum,CTCATTAACC,ELS_301,nudum,USA,,,,3,52,,,0,,,0
ELS312_nudum,TTGATGGTGC,ELS_312,nudum,USA,,,,3,53,,,0,,,0
ELS340_nudum,CAACATGAAG,ELS_340,nudum,USA,,,,3,54,,,0,,,0
ELS384_nudum,ATGAAGGCAG,ELS_384,nudum,USA,,,,3,55,,,0,,,0
ELS413_nudum,GATGGACTAA,ELS_413,nudum,USA,,,,3,56,,,0,,,0
ELS101_lentago,GCATGGAGGT,ELS_101,lentago,USA,,,,3,57,,,0,,,0
ELS133_lentago,GTATATCCAC,ELS_133,lentago,USA,,,,3,58,,,0,,,0
ELS139_lentago,CGTACCTTGC,ELS_139,lentago,USA,,,,3,59,,,0,,,0
ELS145_lentago,TATCGCGGAG,ELS_145,lentago,USA,,,,3,60,,,0,,,0
ELS455_prunifolium,CATGCATACT,ELS_455,prunifolium,USA,,,,3,61,,,0,,,0
ELS475_prunifolium,TCACTGAGAA,ELS_475,prunifolium,USA,,,,3,62,,,0,,,0
ELS490_prunifolium,ATCCATAAGA,ELS_290,prunifolium,USA,,,,3,63,,,0,,,0
ELS510_prunifolium,CTGTTAGATT,ELS_510,prunifolium,USA,,,,3,64,,,0,,,0
ELS390_dentatum,TAACTGGTAC,ELS_390,dentatum,USA,,,,3,65,,,0,,,0
ELS124_lentago,GCCGGTGATT,ELS_124,lentago,USA,,,,3,66,,,0,,,0
ELS251_nudum,AGACGAATAG,ELS_251,nudum,USA,,,,3,67,,,0,,,0
ELS524_rufidulum,GGTCATTGTA,ELS_524,rufidulum,USA,,,,3,68,,,0,,,0
ELS209_rufidulum,CGGTCGTTAC,ELS_209,rufidulum,USA,,,,3,69,,,0,,,0
ELS063_dentatum,GACGGACAGG,ELS_063,dentatum,USA,,,,3,70,,,0,,,0
ELS075_dentatum,ATTGCCACCG,ELS_075,dentatum,USA,,,,3,71,,,0,,,0
ELS589_dentatum,CAGAACCAGC,ELS_589,dentatum,USA,,,,3,72,,,0,,,0
ELS087_dentatum,GCTGTGCAGA,ELS_087,dentatum,USA,,,,3,73,,,0,,,0
ELS275_dentatum,AAGACCAATC,ELS_275,dentatum,USA,,,,3,74,,,0,,,0
ELS296_dentatum,CGCGCGGCTG,ELS_296,dentatum,USA,,,,3,75,,,0,,,0
ELS371_dentatum,GCATGAGGCG,ELS_371,dentatum,USA,,,,3,76,,,0,,,0
ELS376_dentatum,TGACGGTGAT,ELS_376,dentatum,USA,,,,3,77,,,0,,,0
ELS378_dentatum,CTTACCGGAG,ELS_378,recognitum,USA,,,,3,78,,,0,recognitum,,1
ELS421_dentatum,ACACACATCA,ELS_421,dentatum,USA,,,,3,79,,,0,,,0
ELS447_dentatum,TGTTGTCCGC,ELS_441,dentatum,USA,,,,3,80,,,0,,,0
ELS450_dentataum,ATCCGCGACG,ELS_450,dentatum,USA,,,,3,81,,,0,,,0
ELS465_dentatum,AAGTCGAGTA,ELS_465,dentatum,USA,,,,3,82,,,0,,,0
ELS258_obovatum,CCAATCAAGA,ELS_258,dentatum,USA,,,,3,83,,,0,,,0
ELS533_dentatum,TGAGCCAGCT,ELS_533,dentatum,USA,,,,3,84,,,0,,,0
ELS543_dentatum,TCTAGAGAAG,ELS_542,dentatum,USA,,,,3,85,,,0,,,0
ELS547_dentatum,GCCGAGGTGA,ELS_547,dentatum,USA,,,,3,86,,,0,,,0
ELS550_dentatum,GGTGAGTCGG,ELS_550,dentatum,USA,,,,3,87,,,0,,,0
ELS559_dentatum,CTTATTCTAC,ELS_559,dentatum,USA,,,,3,88,,,0,,,0
ELS570_dentatum,CAAGAGACGT,ELS_570,dentatum,USA,,,,3,89,,,0,,,0
ELS571_dentatum,GCACGTCTCC,ELS_571,dentatum,USA,,,,3,90,,,0,,,0
ELS574_dentatum,GTGCTCTCTA,ELS_574,dentatum,USA,,,,3,91,,,0,,,0
ELS577_dentatum,GCGTCAGATG,ELS_577,dentatum,USA,,,,3,92,,,0,,,0
ELS581_dentatum,AATGAATCAG,ELS_581,dentatum,USA,,,,3,93,,,0,,,0
ELS585_dentatum,ATTAGGAGGC,ELS_585,dentatum,USA,,,,3,94,,,0,,,0
ELS588_dentatum,TTCTTCAGAC,ELS_588,dentatum,USA,,,,3,95,,,0,,,0
FGXCONTROL,CGCACTTGAT,N/A,N/A,N/A,N/A,N/A,N/A,3,96,,,0,,,0
MJD-81_hartwegii,TCCGGAGCGC,MJD_81,hartwegii,Mexico,,,,2,1,,,1,,,0
MJD-83_stellato-tomentosum,CTAACACGGC,MJD_83,stellato-tomentosum,Guatemala,,,,2,2,XXX,,1,,,1
MJD-66-2_disjunctum,AGCTTCGATT,MJD_66_2,disjunctum,Mexico,,,,2,3,XXX,,1,,,1
MJD-47_bracteatum,TCGCCGCAAT,MJD_47,bracteatum_mislabel,,,,,2,4,,,0,,,0
MJD-69_jucundum,TCAGTTCCGG,MJD_69,jucundum,Mexico,,,,2,5,,,1,,,0
MJD-78_stenocalyx,CGGAAGTGAG,MJD_78,stenocalyx,Mexico,DF,,,2,6,,,0,,,0
MJD-61_acutifoliumXsulcatum,GTTGCTAGAC,MJD_61,acutifolium_x_sulcatum,Mexico,,,,2,7,,,1,,,0
MJD-62_acutifoliumXsulcatum,AATAGATTCA,MJD_62,acutifolium_x_sulcatum,Mexico,,,,2,8,,,1,,,0
MJD-73_lautum,AGCTGATACA,MJD_73,lautum,Mexico,Chiapas,,,2,9,,,1,,,0
MJD-75_loesnerii,ATCAGTAGAA,MJD_75,loesnerii,Mexico,DF,,,2,10,XXX,,1,,,1
MJD-30_elatum,TCGTCTTAGT,MJD_30,elatum,Mexico,,,,2,11,,,1,,,0
MJD-06_lobophyllum,GCTCAGCCAG,MJD_06,lobophyllum,,,,,2,12,,,0,,,0
MJD-71_jucundumXlautum,CGGCTACTTC,MJD_71,jucundum_x_lautum,Mexico,,,,2,13,,,1,,,0
MJD-02_awabucki,CAAGCCGGTT,MJD_02,awabucki,,,,,2,14,XXX,,0,,,1
MJD-60_acutifolium,TTGCGCAAGC,MJD_60,acutifolium,Mexico,Oaxaca,,,2,15,,,1,,,0
MJD-85_costaricanum,TACGATGGAG,MJD_85,costaricanum,Costa_Rica,,,,2,16,XXX,,1,,,1
MJD-05_molle,GCAATATACA,MJD_05,molle,,,,,2,17,XXX,,0,,,1
MJD-42_lobophyllum,AAGAATTCGG,MJD_42,lobophyllum,,,,,2,18,XXX,,0,,,1
MJD-43_luzonicum,TCGGCAGTCG,MJD_43,luzonicum,,,,,2,19,,,0,,,0
RCW-14_trilobum,AGTTCCATTG,RCW_14,trilobum,,,,,2,20,XXX,,0,,,1
MJD-64_caudatum,TTCTTGCGCT,MJD_64,caudatum,Mexico,Puebla-Honey,,,2,21,,,1,,,0
MJD-41_ichangense,AGCAATCTAA,MJD_41,ichangense,,,,,2,22,XXX,,0,,,1
MJD-08_burkwoodii,GAATTGTCGC,MJD_08,burkwoodii,,,,,2,23,,,0,,,0
MJD-49_ellipticum,CTTCGACATA,MJD_49,ellipticum,,,,,2,24,XXX,,0,,,1
MJD-79_sulcatum,GAGATATGGT,MJD_79,sulcatum,Mexico,,,,2,25,,,1,,,0
MJD-82_jucundumXlautum,CTCCTTGGAG,MJD_82,jucundum_x_lautum,Mexico,,,,2,26,,,1,,,0
MJD-56_edule,GTGTCTCTTG,MJD_56,edule,,,,,2,27,XXX,,0,,,1
MJD-76_microcarpum,TGCAGTTATC,MJD_76,microcarpum,Mexico,Puebla-Honey,,,2,28,,,1,,,0
PWS2250_foetidum_foetidum,TTCTGGAATA,PWS_2250,foetidum,China,Xichou,23.37786,104.78861,2,29,XXX,,0,was labeled 2259,,1
PWS2218_foetidum_rectangulum,ACGCAACACA,PWS_2218,foetidum,China,Xing_an,25.86517,110.41257,2,30,,,0,,,0
PWS2299_foetidum_malicot,ACTGCCTCAA,PWS_2299,foetidum,China,Dali,25.6487,100.16418,2,31,,,0,,,0
PWS2265_leiocarpum_punctatum,ACATCAATAT,PWS_2265,leiocarpum,China,Malipo,23.2396,104.72621,2,32,XXX,,0,,,1
PWS2091_inoptintatum,CCTCTTATCA,PWS_2091,inoptinatum,Vietnam,Kon_Tum,14.64954,108.41476,2,33,XXX,,0,,,1
PWS1799_toronis,TATCGTTAGT,PWS_1799,pastasanum,Ecuador,Tungurahua,-1.40796,-78.25745,2,34,XXX,,1,,,1
PWS2264_ternatum,TAGTGCGGTC,PWS_2264,ternatum,China,Malipo,23.1676,104.83357,2,35,XXX,,0,,,1
PWS2269_chinshanense,GGCCGGTAAC,PWS_2269,chinshanense,China,Malipo,23.47569,105.17688,2,36,XXX,,0,,,1
PWS2807_buddlefolium,AGGAACCTCG,PWS_2607,buddleifolium,China,Hubei,31.83141,110.62803,2,37,XXX,,0,was labeled 2807,,1
PWS2292_subalpinum,TTATCCGTAG,PWS_2292,subalpinum,China,Gongshan,27.8026,98.45534,2,38,XXX,,0,,,1
EDWARDS-2014-17_plicatum_TW,CGCTATACGG,EDWARDS_2014_17,plicatum,Taiwan,,,,2,39,,,0,,,0
ELS-310_lantanoides_CAROLINA,CACGCAACGA,ELS_310,lantanoides,USA,,,,2,40,,,0,,,0
EDWARDS-2013-19_erosum,TGTCCTAGGA,EDWARDS_2013_19,erosum,?,,,,2,41,,,0,,,0
PWS2565_schensianum,ATCCGTCTAC,PWS_2565,schensianum,China,Hubei,31.6222,110.43764,2,42,XXX,,0,,,1
PWS2252_ampifolium,GGACTCACGG,PWS_2252,amplifolium,China,Xichou,23.3783,104.79172,2,43,XXX,,0,,,1
PWS2272_pyramidatum,GCGTCCTGCC,PWS_2272,pyramidatum,China,Malipo,22.93853,104.80642,2,44,XXX,,0,,,1
PWS1621_cf_pichinchense,ACTTGACCGG,PWS_1621,pichinchense,Ecuador,Imbabura,0.34275,-78.41487,2,45,,,1,,,0
PWS1769_cf_triphyllum,AATGGTGACT,PWS_1769,triphyllum,Ecuador,Loja,-4.05111,-79.8745,2,46,,,1,,,0
PWS1757_cf_triphyllum,CTAACAGTAT,PWS_1757,triphyllum,Ecuador,Loja,-4.09442,-79.94802,2,47,,,1,,,0
PWS1702_obtectum_reticulatum,TCATAGGCTA,PWS_1702,reticulatum,Ecuador,Loja,-3.99358,-79.155,2,48,XXX,,1,,,1
PWS1706_stipitatium_reticulatum,GCTGCACGGT,PWS_1706,reticulatum,Ecuador,Zamora-Chinchipe,-3.99242,-79.11198,2,49,,,1,,,0
PWS1682_triphyllum,GCCGCAATGC,PWS_1682,triphyllum,Ecuador,Loja,-3.99502,-79.26685,2,50,,,1,,,0
PWS2213_sympodiale_CN,CGCTTCTCTG,PWS_2213,sympodiale,China,Guangxi,25.91344,110.45113,2,51,,,0,,,0
KFC-1950_betulifolium,CTCATTAACC,KFC_1950,betulifolium,,,,,2,52,XXX,,0,,,1
PWS2237_foetidum_caenthoides,TTGATGGTGC,PWS_2237,foetidum-ceanothoides,China,Wenshan,23.4685,103.9398,2,53,,,0,,,0
KFC-1944_propinquum_TW,CAACATGAAG,KFC_1944,propinquum,Taiwan,,,,2,54,,,0,,,0
WC267_cotinifolium,ATGAAGGCAG,WC_267,cotinifolium,,,,,2,55,XXX,,0,,,1
ELS242_Sambucus,GATGGACTAA,ELS_242,Sambucus_?,,,,,2,56,XXX,,0,,,1
PWS1656_c.f._jamensonii,GCATGGAGGT,PWS_1656,jamesonii,Ecuador,Carchi,0.68582,-77.96373,2,57,,,1,,,0
PWS2201_c.f._fordiae,GTATATCCAC,PWS_2201,fordiae,China,Lechang,25.29163,113.45981,2,58,XXX,,0,,,1
PWS2202_c.f._formosanum,CGTACCTTGC,PWS_2202,formosanum,China,Lechang,24.97621,112.66657,2,59,XXX,,0,,,1
PWS2559_glomeratum,TATCGCGGAG,PWS_2559,glomeratum,China,Hubei,31.51949,110.45004,2,60,XXX,,0,,,1
PWS2593_utile,CATGCATACT,PWS_2593,utile,China,Hubei,31.83141,110.62803,2,61,XXX,,0,,,1
PWS2222_brachybotryum,TCACTGAGAA,PWS_2222,brachybotryum,China,Zi_Yuan,25.90792,110.51271,2,62,XXX,,0,,,1
PWS2344_betulifolium,ATCCATAAGA,PWS_2344,betulifolium,China,Hubei,31.50285,110.4324,2,63,,,0,,,0
PWS2320_luzonicum,CTGTTAGATT,PWS_2320,luzonicum,Philippines,,16.33572,120.561,2,64,,,0,,,0
PWS1665_tinoides,TAACTGGTAC,PWS_1665,pichinchense,Ecuador,Pichincha,-0.08998,-78.5655,2,65,XXX,,1,,,1
PWS1735_c.f._reticulatum,GCCGGTGATT,PWS_1735,reticulatum,Ecuador,Loja,-4.36375,-79.7172,2,66,,,1,,,0
PWS1719_c.f._stipitatum,AGACGAATAG,PWS_1719,reticulatum,Ecuador,Loja,-4.41085,-79.15733,2,67,XXX,,1,,,1
PWS1773_divaricatum,GGTCATTGTA,PWS_1773,divaricatum,Ecuador,El_Oro,-3.55735,-79.68029,2,68,XXX,,1,,,1
PWS1634_hallii,CGGTCGTTAC,PWS_1634,hallii,Ecuador,Imbabura,0.3318,-78.40455,2,69,,,1,,,0
PWS1830_hallii,GACGGACAGG,PWS_1830,hallii,Ecuador,Imbabura,0.16818,-78.29393,2,70,XXX,,1,,,1
PWS1737_reticulatum,ATTGCCACCG,PWS_1737,reticulatum,Ecuador,Loja,-4.36375,-79.7172,2,71,,,1,,,0
ELS070_lantanoides_ME,CAGAACCAGC,ELS070,lantanoides,USA,ME,,,2,72,XXX,,0,,,1
PWS2319_propinquum,GCTGTGCAGA,PWS_2319,propinquum,Philippines,,16.33974,120.55811,2,73,,,0,,,0
PWS2321_luzonicum_Philippines,AAGACCAATC,PWS_2321,luzonicum,Philippines,,16.33974,120.55811,2,74,,,0,,,0
PWS2235_congestum,CGCGCGGCTG,PWS_2235,congestum,China,Wenshan,23.43494,104.15896,2,75,XXX,,0,,,1
PWS2274_punctatum,GCATGAGGCG,PWS_2274,punctatum,China,Kunming,,,2,76,,,0,,,0
PWS2136_hispidulum,TGACGGTGAT,PWS_2136,hispidulum,Malaysia,Sabah,6.0476,116.5977,2,77,XXX,,0,,,1
PWS2249_coryfolium,CTTACCGGAG,PWS_2249,coryfolium,China,Wenshan,23.34482,103.86732,2,78,XXX,,0,,,1
PWS1669_pichinchense,ACACACATCA,PWS_1669,pichinchense,Ecuador,Pichincha,-0.25898,-78.82685,2,79,XXX,,1,,,1
R29_kansuense,TGTTGTCCGC,R29,kansuense,China,,,,2,80,XXX,,0,,,1
ELS112_lentago_MN,ATCCGCGACG,ELS112,lentago,USA,MN,,,2,81,,,0,,,0
ELS149_lentago_WI,AAGTCGAGTA,ELS149,lentago,USA,WI,,,2,82,,,0,,,0
ELS428_lentago_DE,CCAATCAAGA,ELS428,lentago,USA,DE,,,2,83,,,0,,,0
ELS243_obovatum_FL,TGAGCCAGCT,ELS243,obovatum,USA,FL,,,2,84,,,0,,,0
ELS262_ovovatum_GA,TCTAGAGAAG,ELS262,obovatum,USA,GA,,,2,85,,,0,,,0
ELS155_prunifolium_IL,GCCGAGGTGA,ELS155,prunifolium,USA,IL,,,2,86,,,0,,,0
ELS283_prunifolium_SC,GGTGAGTCGG,ELS283,prunifolium,USA,SC,,,2,87,,,0,,,0
ELS430_prunifolium_DE,CTTATTCTAC,ELS430,prunifolium,USA,DE,,,2,88,,,0,,,0
ELS484_prunifolium_OH,CAAGAGACGT,ELS484,prunifolium,USA,OH,,,2,89,,,0,,,0
ELS520_prunifolium_KY,GCACGTCTCC,ELS520,prunifolium,USA,KY,,,2,90,,,0,,,0
ELS166_rufidulum_IL,GTGCTCTCTA,ELS166,rufidulum,USA,IL,,,2,91,,,0,,,0
ELS180_rufidulum_AR,GCGTCAGATG,ELS180,rufidulum,USA,AR,,,2,92,,,0,,,0
ELS412_lentago_MA,AATGAATCAG,ELS412,lentago,USA,MA,,,2,93,,,0,,,0
ELS486_rufidulum_OH,ATTAGGAGGC,ELS486,rufidulum,USA,OH,,,2,94,,,0,,,0
ELS523_rufidulum_KY,TTCTTCAGAC,ELS523,rufidulum,USA,KY,,,2,95,,,0,,,0
FGXCONTROL,CGCACTTGAT,N/A,N/A,N/A,N/A,N/A,N/A,2,96,,,0,,,0
carlesii_D1_BP_001,TCCGGAGCGC,BP_001,carlesii,,,,,1,1,SAMN04202165,SRR2895755,0,,,1
macrocephalum_D2_WC_284,CTAACACGGC,WC_284,macrocephalum,,,,,1,2,SAMN04202191,SRR2895714,0,,,1
amplificatum_D3_SAN_156003,AGCTTCGATT,SAN_156003,amplificatum,,,,,1,3,SAMN04202160,SRR2895699,0,,,1
hanceanum_D4_PWS_2195,TCGCCGCAAT,PWS_2195,hanceanum,China,Ruyuan,24.68932,113.0247,1,4,SAMN04202181,SRR2895703,0,,,1
hanceanum_D5_PWS_2196,TCAGTTCCGG,PWS_2196,hanceanum,China,Ruyuan,24.68932,113.0247,1,5,,,0,,,0
opulus_D6_WC_250,CGGAAGTGAG,WC_250,opulus,,,,,1,6,SAMN04202195,SRR2895718,0,,,1
sulc_acut_hyb_D7_MEX_001,GTTGCTAGAC,MEX_001,acutifolium_x_sulcatum,Mexico,Oaxaca,,,1,7,,,1,,,0
sulc_acut_hyb_D8_MEX_002,AATAGATTCA,MEX_002,acutifolium_x_sulcatum,Mexico,Oaxaca,,,1,8,,,1,,,0
sulcatum_D9_MEX_003,AGCTGATACA,MEX_003,sulcatum,Mexico,Oaxaca,,,1,9,SAMN04202211,SRR2895736,1,,,1
sulcatum_D10_MEX_004,ATCAGTAGAA,MEX_004,sulcatum,Mexico,Oaxaca,,,1,10,,,1,,,0
acutifolium_D11_MEX_005,TCGTCTTAGT,MEX_005,acutifolium,Mexico,Oaxaca,,,1,11,,,1,,,0
jamesonii_D12_PWS_1636,GCTCAGCCAG,PWS_1636,jamesonii,Ecuador,Carchi,0.72817,-77.72449,1,12,SAMN04202184,SRR2895706,1,,,1
triphyllum_D13_PWS_1783,CGGCTACTTC,PWS_1783,triphyllum,Ecuador,Loja,-3.58931,-79.18901,1,13,SAMN04202217,SRR2895742,1,,,0
lantanoides_D14_Beartown_1,CAAGCCGGTT,Beartown_1,lantanoides,USA,MA,,,1,14,,,0,,,0
lantanoides_D15_Beartown_2,TTGCGCAAGC,Beartown_2,lantanoides,USA,MA,,,1,15,SAMN04202187,SRR2895709,0,,,0
lantanoides_D16_Mohawk_2,TACGATGGAG,Mohawk_2,lantanoides,USA,MA,,,1,16,,,0,,,0
lantanoides_D_17_Mohawk_3,GCAATATACA,Mohawk_3,lantanoides,USA,MA,,,1,17,,,0,,,0
sympodiale_D18_KFC_1932,AAGAATTCGG,KFC_1932,sympodiale,China,,,,1,18,SAMN04202213,SRR2895738,0,,,1
punctatum_D19_PWS_2097,TCGGCAGTCG,PWS_2097,punctatum,Vietnam,Kon_Tum,15.18179,107.81426,1,19,SAMN04202202,SRR2895726,0,,,1
sambucina_D20_PWS_2100,AGTTCCATTG,PWS_2100,sambucina,Vietnam,Kon_Tum,15.14266,107.92123,1,20,SAMN04202206,SRR2895730,0,,,1
vernicosum_D21_PWS_2123,TTCTTGCGCT,PWS_2123,vernicosum,Malaysia,Sabah,6.00946,116.54116,1,21,SAMN04202220,SRR2895753,0,,,1
henryi_D22_WC_272,AGCAATCTAA,WC_272,henryi,,,,,1,22,SAMN04202182,SRR2895704,0,,,1
erosum_D23_MJDJP_4,GAATTGTCGC,MJDP_4,erosum,,,,,1,23,SAMN04202173,SRR2895694,0,,,0
foetidum_D24_KFC_1942,CTTCGACATA,KFC_1942,foetidum,,,,,1,24,SAMN04202177,SRR2895698,0,,,0
integrifolium_D25_KFC_1946,GAGATATGGT,KFC_1946,integrifolium,,,,,1,25,SAMN04202183,SRR2895705,0,,,1
japonicum_D26_WC_273,CTCCTTGGAG,WC_273,japonicum,,,,,1,26,SAMN04202185,SRR2895707,0,,,1
taiwanianum_TW1_KFC_1952,GTGTCTCTTG,TW1_KFC_1952,taiwanianum,Taiwan,,,,1,27,SAMN04202214,SRR2895739,0,,,1
muhalla_D28_WC_274,TGCAGTTATC,WC_274,muhalla,,,,,1,28,SAMN04202192,SRR2895715,0,,,1
parvifolium_D29_KFC_1953,TTCTGGAATA,KFC_1953,parvifolium,,,,,1,29,SAMN04202197,SRR2895720,0,,,1
tashiori_D30_TET_YAH,ACGCAACACA,TET_YAH,tashiori,,,,,1,30,SAMN04202215,SRR2895740,0,,,1
wrightii_D31_MJDJP_1,ACTGCCTCAA,MJDJP_1,wrightii,,,,,1,31,SAMN04202221,SRR2895754,0,,,1
davidii_D32_WC_269,ACATCAATAT,WC_269,davidii,,,,,1,32,SAMN04202170,SRR2895691,0,,,1
tinus_D33_WC_277,CCTCTTATCA,WC_277,tinus,,,,,1,33,SAMN04202216,SRR2895741,0,,,1
glaberrimum_D34_PWS_2323,TATCGTTAGT,PWS_2323,glaberrimum,,,,,1,34,SAMN04202179,SRR2895701,0,,,1
lutescens_D35_PWS_2077,TAGTGCGGTC,PWS_2077,lutescens,,,,,1,35,SAMN04202189,SRR2895712,0,,,1
plicatum_C1_MJDJP_12,GGCCGGTAAC,MJDJP_12,plicatum,,,,,1,36,SAMN04202198,SRR2895722,0,,,0
nervosum_C2_PWS_2288_2289,AGGAACCTCG,PWS_2288_2289,nervosum,China,Yunnan,25.97374,98.6853,1,37,SAMN04202193,SRR2895716,0,,,1
luzonicum_D27_9M_2005,TTATCCGTAG,9M_2005,luzonicum,,,,,1,38,SAMN04202190,SRR2895713,0,,,0
nervosum_C4_PWS_2298,CGCTATACGG,PWS_2298,nervosum,China,Gongshan,27.77986,98.45079,1,39,SAMN04202193,SRR2895716,0,,,0
suspensum_C5_MJD_111711,CACGCAACGA,MJD_111711,suspensum,,,,,1,40,SAMN04202212,SRR2895737,0,,,1
anamensis_C6_PWS_2094,TGTCCTAGGA,PWS_2094,anamensis,Vietnam,Kon_Tum,14.64779,108.42033,1,41,SAMN04202161,SRR2895710,0,,,1
formosanum_C7_JH_2007,ATCCGTCTAC,JH_2007,formosanum,,,,,1,42,,,0,,,0
luzonicum_C8_KFC_1947,GGACTCACGG,KFC_1947,luzonicum,,,,,1,43,SAMN04202190,SRR2895713,0,,,1
cylindricum_DRY1_WC_268,GCGTCCTGCC,DRY1_WC_268,cylindricum,,,,,1,44,SAMN04202169,SRR2895690,0,,,1
orientale_DRY2_MJD_GEORGIA,ACTTGACCGG,DRY2_MJD_GEORGIA,orientale,,,,,1,45,SAMN04202196,SRR2895719,0,,,1
acutifolium_DRY3_MEX_006,AATGGTGACT,DRY3_MEX_006,acutifolium,Mexico,Oaxaca-?,,,1,46,SAMN04202159,SRR2895688,1,,,1
propinquum_DRY4_WC_276,CTAACAGTAT,DRY4_WC_276,propinquum,,,,,1,47,SAMN04202199,SRR2895723,0,,,0
clemensiae_DRY6_PWS_2135,TCATAGGCTA,DRY6_PWS_2135,clemensiae,,,,,1,48,SAMN04202167,SRR2895757,0,,,1
rufidulum_AA_21418A,GCTGCACGGT,AA_21418A,rufidulum,,,,,1,49,,,0,,,0
beccarii_PWS2084,GCCGCAATGC,PWS_2084,beccarii,China,Ha_Giang,23.09518,105.01746,1,50,SAMN04202162,SRR2895721,0,,,1
prunifolium_AA_22586A,CGCTTCTCTG,AA_22586A,prunifolium,,,,,1,51,SAMN04202201,SRR2895725,0,,,0
urceolatum_MJD_Japan_8,CTCATTAACC,MJD_Japan_8,urceolatum,Japan,,,,1,52,SAMN04202218,SRR2895747,0,,,1
opulus_AA_labeld_trilobum_1097_60A,TTGATGGTGC,AA_trilobum_1097_60A,opulus,AA,,,,1,53,,,0,,,0
recognitum_AA_1471_83B,CAACATGAAG,AA_1471_83B,recognitum,,,,,1,54,SAMN04202203,SRR2895727,0,,,0
sieboldii_AA_616_6B,ATGAAGGCAG,AA_616_6B,sieboldii,,,,,1,55,SAMN04202210,SRR2895735,0,,,0
dentatum_AA_5070_1A,GATGGACTAA,AA_5070_1A,dentatum,,,,,1,56,,,0,,,0
farreri_RCW21,GCATGGAGGT,RCW_21,farreri,,,,,1,57,SAMN04202175,SRR2895696,0,,,1
erubescens_RCW36,GTATATCCAC,RCW_36,erubescens,,,,,1,58,SAMN04202174,SRR2895695,0,,,1
grandiflorum_ERAD11_Wendy,CGTACCTTGC,ERAD11_Wendy,grandiflorum,,,,,1,59,SAMN04202180,SRR2895702,0,,,1
acerifolium_ELS88,TATCGCGGAG,ELS_88,acerifolium,,,,,1,60,SAMN04202158,SRR2895687,0,,,1
furcatum_MJD10,CATGCATACT,MJD_10,furcatum,,,,,1,61,SAMN04202178,SRR2895700,0,,,0
odoratissimum_PWS2317,TCACTGAGAA,PWS_2317,odoratissimum,Philippines,,16.36746,120.57021,1,62,SAMN04202194,SRR2895717,0,,,0
bitchiuense_AA2047_77B,ATCCATAAGA,AA2047_77B,bitchiuense,,,,,1,63,SAMN04202164,SRR2895743,0,,,1
sempervirens_PWS2191,CTGTTAGATT,PWS_2191,sempervirens,China,Ruyuan,24.6872,113.09608,1,64,SAMN04202208,SRR2895733,0,,,1
coriaceum_PWS2089,TAACTGGTAC,PWS_2089,coriaceum,Vietnam,Kon_Tum,14.58,108.2799,1,65,SAMN04202168,SRR2895689,0,,,1
cinnamomifolium_PWS2105X,GCCGGTGATT,PWS_2105,cinnamomifolium,Malaysia,Pahang,3.7127,101.7357,1,66,SAMN04202166,SRR2895756,0,,,1
propiinquum_PWS2319,AGACGAATAG,PWS_2319,propiinquum,Philippines,,16.33974,120.55811,1,67,SAMN04202199,SRR2895723,0,,,0
veitchii_AA457_94B,GGTCATTGTA,veitchii_AA457_94B,veitchii,,,,,1,68,SAMN04202219,SRR2895752,0,,,1
lantana_AA1098_60A,CGGTCGTTAC,AA1098_60A,lantana,,,,,1,69,SAMN04202186,SRR2895708,0,,,1
betulifolium_AA255_2001B,GACGGACAGG,AA255_2001B,betulifolium,,,,,1,70,SAMN04202163,SRR2895732,0,,,0
rhytidophyllum_AA1386_82B,ATTGCCACCG,AA1386_82B,rhytidiphyllum,,,,,1,71,SAMN04202204,SRR2895728,0,,,1
setigerum_AA305_2002A,CAGAACCAGC,AA305_2002A,setigerum,,,,,1,72,SAMN04202209,SRR2895734,0,,,1
sargentii_RCW19,GCTGTGCAGA,RCW_19,sargentii,,,,,1,73,SAMN04202207,SRR2895731,0,,,0
foetens_ERAD10,AAGACCAATC,ERAD_10,foetens,,,,,1,74,SAMN04202176,SRR2895697,0,,,1
ELS002_nudum,CGCGCGGCTG,ELS_002,cassinoides,USA,,,,1,75,SAMN04202200,SRR2895724,0,,,0
ELS079_nudum,GCATGAGGCG,ELS_079,nudum,USA,,,,1,76,,,0,,,0
ELS003_nudum,TGACGGTGAT,ELS_003,nudum,USA,,,,1,77,,,0,,,0
ELS054_nudum,CTTACCGGAG,ELS_054,nudum,USA,,,,1,78,,,0,,,0
ELS029_nudum,ACACACATCA,ELS_029,nudum,USA,,,,1,79,,,0,,,0
ELS050_nudum,TGTTGTCCGC,ELS_050,nudum,USA,,,,1,80,,,0,,,0
ELS077_nudum,ATCCGCGACG,ELS_077,nudum,USA,,,,1,81,,,0,,,0
ELS027_dentatum,AAGTCGAGTA,ELS_027,dentatum,USA,,,,1,82,,,1,,,0
ELS082_dentatum,CCAATCAAGA,ELS_082,dentatum,USA,,,,1,83,,,1,,,0
ELS004_dentatum,TGAGCCAGCT,ELS_004,dentatum,USA,,,,1,84,SAMN04202171,SRR2895692,1,,,0
ELS052_dentatum,TCTAGAGAAG,ELS_052,dentatum,USA,,,,1,85,,,1,,,0
ELS072_dentatum,GCCGAGGTGA,ELS_072,dentatum,USA,,,,1,86,,,1,,,0
ELS015_dentatum,GGTGAGTCGG,ELS_015,dentatum,USA,,,,1,87,,,1,,,0
ELS001_rufidulum,CTTATTCTAC,ELS_001,rufidulum,USA,,,,1,88,,,0,,,0
ELS025_rufidulum,CAAGAGACGT,ELS_025,rufidulum,USA,,,,1,89,SAMN04202205,SRR2895729,0,,,0
ELS017_rufidulum,GCACGTCTCC,ELS_017,rufidulum,USA,,,,1,90,,,0,,,0
ELS057_prunifolium,GTGCTCTCTA,ELS_057,prunifolium,USA,,,,1,91,SAMN04202201,SRR2895725,0,,,0
ELS045_dilatatum,GCGTCAGATG,ELS_045,dilatatum,USA,,,,1,92,SAMN04202172,SRR2895693,0,,,0
ELS073_lentago,AATGAATCAG,ELS_073,lentago,USA,,,,1,93,,,0,,,0
ELS085_lentago,ATTAGGAGGC,ELS_085,lentago,USA,,,,1,94,SAMN04202188,SRR2895711,0,,,0
YU08_nudum,TTCTTCAGAC,YU_08,nudum,USA,,,,1,95,,,0,,,0
FGXCONTROL,CGCACTTGAT,N/A,N/A,N/A,N/A,N/A,N/A,1,96,,,0,,,0